Color_Dominance,Brushstroke_Density,Pattern_Complexity,Symmetry,Artistic_Style,Emotional_Resonance
0.3745401188473625,0.18513292883861965,0.26170568373590597,0.672702994208898,1,54.67194299145046
0.9507143064099162,0.5419009473783581,0.24697879907199982,0.7966813971913723,0,116.25092011633022
0.7319939418114051,0.8729458358764083,0.9062545805210367,0.250467898792499,0,132.23793157007634
0.5986584841970366,0.7322248864095612,0.2495461998495061,0.6248740996069989,2,67.86168789356242
0.15601864044243652,0.8065611478614497,0.271949726128631,0.5717459831437487,2,38.31623740582177
0.15599452033620265,0.6587833667107174,0.7593982624179637,0.8328303767882711,0,118.61524785263714
0.05808361216819946,0.6922765645178525,0.44973984245054,0.9060870604812605,0,101.10339363730328
0.8661761457749352,0.8491956515653193,0.7767105569551812,0.012156771477386807,1,111.69117824281145
0.6011150117432088,0.24966800885918594,0.06536615756438524,0.6740199190587927,2,33.858270433491725
0.7080725777960455,0.4894249636431405,0.4875711936733843,0.05183579911972902,1,71.80753136148147
0.020584494295802447,0.22120944181960223,0.03361360018328263,0.5488586650773559,1,46.35401743013025
0.9699098521619943,0.987668007996647,0.06265320345535452,0.2876327290436782,1,104.60636274250177
0.8324426408004217,0.9440593396866133,0.906437453344411,0.3067765995221412,0,120.07788519244191
0.21233911067827616,0.0394268113685059,0.13924537111759516,0.3529585034523566,1,52.194592283615236
0.18182496720710062,0.7055751725156885,0.5324206822752171,0.6212924490496101,1,90.5043403918068
0.18340450985343382,0.9252483174156658,0.41109560260070654,0.3340499656687692,0,96.77783346272021
0.3042422429595377,0.18057534512733353,0.3473433262588427,0.7326990505902804,2,20.398284622238215
0.5247564316322378,0.5679452305526295,0.8998333456872725,0.4045273855738697,2,57.47282917181345
0.43194501864211576,0.9154882975880418,0.0218233967754895,0.06835320030995862,1,80.93683337125752
0.2912291401980419,0.03394597858579884,0.6637896861755891,0.7837598424841072,0,78.56639539857272
0.6118528947223795,0.6974202672468399,0.9633944342135504,0.285758324592706,2,67.76869113403521
0.13949386065204183,0.29734900737255077,0.5601681834618419,0.43276687959926263,1,63.824585556451915
0.29214464853521815,0.9243961953765304,0.9368224620330918,0.6854438832219015,1,87.64838595674233
0.3663618432936917,0.9710582451653678,0.05225787928602377,0.332456157148712,0,91.6699479896004
0.45606998421703593,0.9442664891134339,0.4187933190741614,0.056585656146715624,1,63.17170462476738
0.7851759613930136,0.47421421665746377,0.26015779096205116,0.3739210470128136,2,60.89166608199284
0.19967378215835974,0.8620426509893134,0.7308209649807298,0.9444485826943034,0,114.68509483705546
0.5142344384136116,0.8445493985350704,0.9812970904972467,0.6417343972985582,2,85.73080619139324
0.5924145688620425,0.31910047324325563,0.2565300624442478,0.6714791486672069,2,31.00446877303461
0.046450412719997725,0.8289154741506773,0.6541746014740745,0.6322821536376398,2,54.200518308816534
0.6075448519014384,0.03700763471549262,0.19809763275974013,0.1989921389594368,1,57.80679005161804
0.17052412368729153,0.596269878482053,0.5653302545716099,0.41833386410228013,1,68.83863763405571
0.06505159298527952,0.23000883728770305,0.4639324866883362,0.7509397983633183,2,12.405671013798486
0.9488855372533332,0.12056688577727881,0.9720053296315371,0.10137289755315915,2,71.20179047820506
0.9656320330745594,0.07695320162920916,0.6085272726964666,0.27785277608971226,0,110.9889956849321
0.8083973481164611,0.6962887758781398,0.3495063720868188,0.2763191084658536,0,108.0374672877607
0.3046137691733707,0.33987496376806614,0.11409578488793337,0.432018927594506,1,64.43779305132357
0.09767211400638387,0.7247667715287615,0.15124682873493456,0.9803687409421851,1,69.9015515018936
0.6842330265121569,0.06535634079894237,0.2253169299512351,0.06750254668382194,0,68.36857246293785
0.4401524937396013,0.31529033783061033,0.250966661340298,0.518700994380595,2,54.29514654559449
0.12203823484477883,0.5394912923753372,0.8506160578411378,0.17936468201221045,1,57.4930779032437
0.4951769101112702,0.7907231648389635,0.5612227882825249,0.9706765454097441,2,64.56041814693343
0.034388521115218396,0.3187525029320699,0.5233909113743664,0.1133035047274642,0,76.22584729792366
0.9093204020787821,0.6258913764370091,0.11476887186921747,0.40360100236159124,1,105.15902036771695
0.2587799816000169,0.8859777482361871,0.860139693349435,0.7378849848346062,1,106.75003963514293
0.662522284353982,0.6158631881823046,0.7228143032084837,0.7045544280274453,0,99.28952865668259
0.31171107608941095,0.23295947475363377,0.06766836190000158,0.42272863689393225,1,54.22286246942521
0.5200680211778108,0.02440078155653802,0.7078350972297687,0.34652416795271823,0,84.410617505362
0.5467102793432796,0.8700988739009299,0.5435382173426461,0.39761237855287057,1,93.76876811572279
0.18485445552552704,0.021269410850387138,0.08172534574677826,0.2642762631586393,0,66.87177072160627
0.9695846277645586,0.8747016726841994,0.45830064152865646,0.2053329387067998,1,91.2038786803861
0.7751328233611146,0.528937134027212,0.484696287130047,0.48303969755889,2,54.849433654745056
0.9394989415641891,0.9390676985128962,0.16577454016327575,0.2685337560676073,2,76.53669203351387
0.8948273504276488,0.7987832357736654,0.9456981470002823,0.2874616648972501,2,87.38048638436065
0.5978999788110851,0.9979341105333375,0.8499753714806619,0.6567560634745571,1,112.91562658511684
0.9218742350231168,0.35071181545171015,0.6690223373291083,0.9685373316998922,1,91.86659772934
0.0884925020519195,0.7671882889311269,0.4622955610006072,0.6036372005593751,2,47.42517710814382
0.1959828624191452,0.40193091360924216,0.4117655415845085,0.07697946706496628,2,38.36589914305625
0.045227288910538066,0.47987562030390885,0.6509734671509542,0.07558361385406698,0,84.66615680228685
0.32533033076326434,0.6275054632183701,0.5454318694069055,0.951423220845566,0,94.86452259382122
0.388677289689482,0.8736771141863388,0.062273105881885615,0.29729079030733363,0,88.49079743940003
0.2713490317738959,0.9840834691992951,0.5125026487703317,0.09206698608247543,2,43.778158343058976
0.8287375091519293,0.7682734138645182,0.8064036172328395,0.5990445871503816,2,92.26738823019274
0.3567533266935893,0.41776678216733376,0.45923987759695806,0.6236487782902661,2,50.9091747784673
0.28093450968738076,0.4213570022770702,0.05195657755426841,0.6485048201186882,0,81.74161630217101
0.5426960831582485,0.7375823015888915,0.7862781993840331,0.2674020278575413,1,89.64583397291835
0.14092422497476265,0.23877714576830233,0.2013637821359744,0.015110684214475034,2,12.217894985165636
0.8021969807540397,0.11047411313139466,0.2586208348880388,0.9650153694544719,1,84.23981541600457
0.07455064367977082,0.35462215764077654,0.1647063534322959,0.2508930456911025,1,71.26879822332853
0.9868869366005173,0.28723899165408173,0.33021506487149754,0.6760262880525475,1,78.40680270285881
0.7722447692966574,0.2963081204559901,0.756751505688635,0.7066298698787096,0,118.60515191625622
0.1987156815341724,0.23360775104990994,0.5193858595039373,0.6100074170794857,1,62.073701002484064
0.005522117123602399,0.04209318963636188,0.20488127415071256,0.3129073942136482,2,6.951801225208616
0.8154614284548342,0.01787393473341381,0.8778300781520408,0.27109625376406576,0,110.48850717196228
0.7068573438476171,0.9877223897360315,0.8795818549515292,0.5976682827027031,2,84.18127862349964
0.7290071680409873,0.42777313373586234,0.8705784250460069,0.8660956336116915,2,68.01730962024753
0.7712703466859457,0.3843266471596817,0.23879621138153928,0.9467337289233956,0,105.23717713294482
0.07404465173409036,0.6796472826930698,0.4512393441809881,0.10590580440375763,2,23.235082120808325
0.3584657285442726,0.21825388786506417,0.9849896561408751,0.15482861259771985,2,43.61631810688606
0.11586905952512971,0.9499611839502253,0.7720124763099904,0.9447362587830797,0,110.73521101339118
0.8631034258755935,0.786345014415552,0.027167421225559818,0.7365352283347926,2,51.044072659292794
0.6232981268275579,0.08941100231225951,0.06520459126049205,0.8829938248297731,1,57.238043166337064
0.3308980248526492,0.41758077578492836,0.46393137681233276,0.20263263413534316,2,32.68123695820724
0.06355835028602363,0.8791183075621647,0.9092202058615602,0.5875858711094019,1,101.43057103069582
0.3109823217156622,0.9447320222914103,0.5387017979527142,0.7011395944174736,2,54.26628628533498
0.32518332202674705,0.4674015112498697,0.4978125080342902,0.6801118854469727,0,87.31045473546017
0.7296061783380641,0.6134113892107077,0.10547369995663058,0.4081516908666981,0,104.96951443184994
0.6375574713552131,0.16703394609207523,0.656780104724294,0.015394891691308477,2,25.839695282195898
0.8872127425763265,0.9911686261369765,0.8221031606002255,0.5829260568042631,0,131.94438352049266
0.4722149251619493,0.2316717013834434,0.38042000750756233,0.25310153917960876,2,16.92796399881133
0.1195942459383017,0.9427317741351257,0.7756118509253275,0.45025424614289034,0,120.51199242354349
0.713244787222995,0.6496466489923685,0.9644766539008116,0.9575810150838173,1,103.23492160083714
0.7607850486168974,0.6077367948788591,0.2037664591276891,0.3990353176424347,2,55.039527162617
0.5612771975694962,0.5126885110165086,0.5233296311947413,0.8398016066644267,1,95.37056825619521
0.770967179954561,0.2306698117177587,0.28713795808457554,0.18854060574925113,1,62.76128424999233
0.49379559636439074,0.17652803200550826,0.7928544190338394,0.6724604980250288,2,41.33681244559909
0.5227328293819941,0.22048620907017535,0.5775933658811575,0.9770069544389435,1,65.26009011322199
0.42754101835854963,0.18643826214425452,0.6345824175503038,0.10189310087293679,2,23.409303186303987
0.02541912674409519,0.7795844735667533,0.7979141596158941,0.008319942227192012,1,68.781606419524
0.10789142699330445,0.3501252591667301,0.3959704726624549,0.43358279263261434,2,24.572086647706925
0.03142918568673425,0.05784267656339637,0.9150900684070432,0.0926254830513672,2,18.636683490061763
0.6364104112637804,0.9691026301408113,0.53302886724614,0.7483843496762314,0,128.8871598942148
0.3143559810763267,0.8837858849634257,0.157954822835348,0.9145486638485589,2,48.17452844560039
0.5085706911647028,0.927752283195213,0.6958991181688025,0.43402097270875883,2,73.821730912388
0.907566473926093,0.9949078226464353,0.7932613504382544,0.25871164215544096,1,120.325663469192
0.24929222914887494,0.1738952492194873,0.31676167706752667,0.4344033190066098,2,20.435621746339706
0.41038292303562973,0.39624201890265875,0.857179256998753,0.723447817850001,0,94.4919860414665
0.7555511385430487,0.7582384757040913,0.9061432547657664,0.009054161580370979,1,102.06027021537406
0.22879816549162246,0.6960206180537922,0.2769044873778089,0.5894539894846972,1,74.10822469919907
0.07697990982879299,0.15389590633985506,0.9835214727152221,0.6132916848873791,0,86.47209814437167
0.289751452913768,0.8158331249906178,0.14071152804875842,0.6376882468959355,1,96.21564597957195
0.16122128725400442,0.22444057183666066,0.20201566840248997,0.2420220799808772,1,50.96116614322228
0.9296976523425731,0.22381761482262308,0.18422483923802613,0.7140527233781268,1,71.27635256892259
0.808120379564417,0.5369744228934136,0.8939897100078704,0.0913914863317764,1,85.60740124672363
0.6334037565104235,0.5929399348417032,0.6542925523249619,0.1992703364668008,0,99.27624818693224
0.8714605901877177,0.5800862078378112,0.15210428322227287,0.8774700466544819,0,96.53638907902305
0.8036720768991145,0.09148683739775487,0.440323418368349,0.7387231507265664,1,83.29077176097206
0.18657005888603584,0.8774608626303804,0.615298025069802,0.013745554011345251,1,60.80616411974813
0.8925589984899778,0.26560004258870606,0.08346408498938329,0.2483762603698002,0,96.4348641389263
0.5393422419156507,0.12951492128280417,0.8824163684073387,0.21440648299316456,0,82.4726172401078
0.8074401551640625,0.8887480798689772,0.8036035354415352,0.2708063280369726,0,123.4292096926402
0.8960912999234932,0.9556514982297534,0.5052067735766382,0.2475597702798864,1,98.70865568578269
0.3180034749718639,0.8621276172654506,0.9671266152591704,0.06252629574284574,1,108.45165079880611
0.11005192452767676,0.8095160747248781,0.4177609792750997,0.45894051659682034,2,48.789981493153384
0.22793516254194168,0.6552419806390217,0.9841103190364978,0.7327334747861651,0,117.96106048083924
0.4271077886262563,0.5508573706091393,0.6679199988036271,0.6067317247174364,1,97.27851429236023
0.8180147659224931,0.08698675991141014,0.6346712732539415,0.6728716685980798,0,99.07611026541487
0.8607305832563434,0.4084532130706987,0.165954895295785,0.08114917853623915,1,64.33439800324422
0.006952130531190703,0.372688517012314,0.881927758304644,0.9514907101767872,0,90.06313936313131
0.5107473025775657,0.2597537837603262,0.42748968792061515,0.8384918338430248,1,65.22480238892055
0.417411003148779,0.7234201136885849,0.16223340578247936,0.8050903184956627,2,47.71966432374
0.22210781047073025,0.4958757350787708,0.01260751997575904,0.8229838050417675,2,34.03401424071271
0.1198653673336828,0.08104621590764793,0.5597556836383826,0.9327105081327614,0,76.01847198948903
0.33761517140362796,0.22018320194981134,0.5273996221226763,0.5442539661136977,1,69.04740693389466
0.9429097039125192,0.6832587636595959,0.7193536223691586,0.2002820178676259,1,107.58057722762372
0.32320293202075523,0.07613085949030018,0.8902580530178021,0.6167836078525412,0,85.37286771645154
0.5187906217433661,0.8512069140487687,0.07940658464302952,0.742881493667939,1,92.6636310248709
0.7030189588951778,0.4951465270139743,0.7314964903403623,0.7379173933540254,0,107.41193503840739
0.363629602379294,0.480586577326648,0.18741194409758222,0.5214490241668801,1,82.24287854403022
0.9717820827209607,0.5924077846595176,0.858177053157164,0.06845871933357806,0,115.04278924231211
0.9624472949421112,0.8246809659251492,0.8190635138616561,0.3711129384301278,1,123.92492199302798
0.25178229582536416,0.34780920790219305,0.5407937549855444,0.9207666084633573,0,76.72870745747588
0.49724850589238545,0.6780161525590636,0.7102427986233115,0.584448909757426,1,88.28337377506614
0.30087830981676966,0.5657319639957911,0.3143501131837484,0.5383319432557134,2,40.01616781443079
0.2848404943774676,0.2670282701694213,0.47116789893281463,0.2688535143821935,1,64.12815670806384
0.036886947354532795,0.878629986355158,0.8216368977104717,0.3684489199165789,0,114.98720306040576
0.6095643339798968,0.7974260216069281,0.4592651971732139,0.8953460891531693,2,55.82878368807472
0.5026790232288615,0.6584518346584255,0.3577982653254418,0.6664630475268357,1,74.15920944455098
0.05147875124998935,0.8505817290942419,0.4942124472502999,0.7873870267523329,2,39.30667023663631
0.27864646423661144,0.8672942009598024,0.8282492524372184,0.45434542306765513,1,107.36144321689554
0.9082658859666537,0.7083629767150348,0.33520804737087273,0.6302472194561579,2,71.56517821755126
0.23956189066697242,0.837013328363672,0.1737615931357438,0.24838360874320753,0,85.78274572013179
0.1448948720912231,0.6974714616692836,0.7120140203307808,0.7054608302834863,1,79.10964459939781
0.489452760277563,0.6801407717603004,0.8259782127080818,0.4276013337033373,1,104.50240522654886
0.9856504541106007,0.6186113782151843,0.10063747852353333,0.4425455148147456,0,107.97098116743113
0.2420552715115004,0.7527166395576412,0.23987411275594472,0.6493223245768817,2,45.28914785062664
0.6721355474058786,0.1586051052930737,0.1419719897609939,0.9362806214689267,0,80.89754957557787
0.7616196153287176,0.8808707591989284,0.3479414115821666,0.06400634660862092,0,105.43238738736058
0.23763754399239967,0.871843527745232,0.45035097890541265,0.8247432373470076,2,71.09055748559118
0.7282163486118596,0.029247283034559146,0.7488263369633065,0.2923831104121931,0,107.65575551054681
0.3677831327192532,0.8258167505647627,0.6511475848816741,0.4439194545063778,1,81.67636621899189
0.6323058305935795,0.1288698674734452,0.6209285674784312,0.021913328775008956,1,80.81109754624511
0.6335297107608947,0.3351188542591419,0.3523749466096544,0.30104607783431303,1,67.59471104082769
0.5357746840747585,0.7435082562916078,0.8414475530847599,0.5026312426301305,0,123.00531421559243
0.0902897700544083,0.1607598960483082,0.47128716739816456,0.05617607734743901,1,63.22873111314633
0.835302495589238,0.8179670241190622,0.9791049380151545,0.49109572938316515,1,110.82004592953805
0.32078006497173583,0.8321341779577419,0.6341421382957368,0.9271106288584273,1,91.58329891928717
0.18651851039985423,0.5074677337608362,0.12626474156450274,0.10539321810780522,1,67.48430131267904
0.040775141554763916,0.00638587171683358,0.676177562075434,0.7644407280755043,1,41.5471192672175
0.5908929431882418,0.2870381331749128,0.325104015431699,0.40967105337599263,1,81.27771824344197
0.6775643618422824,0.6169269183757422,0.6863271966860974,0.655173714524338,0,116.71038259368933
0.016587828927856152,0.9811861780274235,0.06964114816240574,0.26023659798522936,1,67.96276585049128
0.512093058299281,0.6318135270166684,0.1748814371759594,0.1594922625413583,1,69.68620816541937
0.22649577519793795,0.2598035810641598,0.8557372589057863,0.16046261427122643,2,22.07176270104886
0.6451727904094499,0.6340057030996114,0.2271795570235149,0.07049194564314465,0,94.6022007669298
0.17436642900499144,0.5399853797158555,0.83704112524294,0.18564670490124302,0,92.78731999271116
0.690937738102466,0.7798453951511436,0.27927608845441043,0.6642193849889683,0,103.5367282509828
0.3867353463005374,0.10698063882695841,0.6428819100587077,0.881690611843508,0,87.10118050041365
0.9367299887367345,0.761027902502028,0.694150573509831,0.8141256855911618,1,115.29645493354636
0.13752094414599325,0.5412665786761103,0.5126547531450529,0.6851343098744841,1,70.74600827307592
0.3410663510502585,0.9629920038589946,0.3053106766967313,0.11043186341110267,2,62.589461119105856
0.11347352124058907,0.3418721660386861,0.21264437637109612,0.28918744629594983,2,16.15245443935318
0.9246936182785628,0.6326218931339481,0.03318935456242622,0.309806875322469,0,116.84136776038743
0.877339353380981,0.9320281055100175,0.3039464012407238,0.24995694639762123,2,73.3979493683694
0.2579416277151556,0.10250972799067926,0.653162790531283,0.5150056597097231,2,45.504522056352165
0.659984046034179,0.9372284872364511,0.9383048184484827,0.5355538148796726,0,155.5524685106371
0.8172222002012158,0.6878857223008134,0.871204482263052,0.3568859751711102,0,118.32260837200833
0.5552008115994623,0.0678370591051719,0.7660647765353026,0.353789158736436,2,33.93805506124657
0.5296505783560065,0.30096356694681625,0.7884473432532987,0.8285555979060814,1,79.52014165319247
0.24185229090045168,0.7081720886452816,0.6649849034759953,0.7892928483196856,2,62.73210132729672
0.09310276780589921,0.0673506014687717,0.260286857566003,0.30779583168074565,2,27.030502265806263
0.8972157579533268,0.5821704601762733,0.9071950307058299,0.9137884438732593,1,100.9569913568019
0.9004180571633305,0.34588305695295674,0.670732311905834,0.952815017002506,1,97.60310306594066
0.6331014572732679,0.6209155177674771,0.56044063098044,0.32674254203004083,0,106.94662957024865
0.3390297910487007,0.04574203381251285,0.11098946921348107,0.35442494879305486,0,73.9457049815676
0.3492095746126609,0.8715368061523763,0.4470555438064254,0.5056341534219588,2,74.42978882889987
0.7259556788702394,0.9734889691773969,0.4603582712019263,0.9411208125336735,1,106.93332030824816
0.8971102599525771,0.9688778552856915,0.86456360952267,0.8763194331423115,0,125.0242118651442
0.8870864242651173,0.7496518317429247,0.5466482201877885,0.1025679625835898,2,75.99632679606509
0.7798755458576239,0.13008624013063197,0.38040054897040965,0.3927307432714162,1,61.80798220702183
0.6420316461542878,0.7582631959290226,0.9768003285106593,0.5533711897497718,2,73.23003831986267
0.08413996499504883,0.02458691645880151,0.11072059332631567,0.50313247255154,0,68.62372056896137
0.16162871409461377,0.022123551528997254,0.4225484283119446,0.19386306793689267,0,69.0973512649172
0.8985541885270792,0.32361021914954125,0.04202467517140529,0.8588167711681547,1,78.31249538137322
0.6064290596595899,0.48864319040466575,0.7399041207669304,0.6769407829968374,2,53.547272526698094
0.009197051616629648,0.7704074178077932,0.9180765521991506,0.8379083748518036,1,58.83388525056168
0.1014715428660321,0.6832953766065052,0.28003732955048943,0.8587642793494722,0,101.5475588923077
0.6635017691080558,0.44590270637674834,0.8583416767991209,0.7483558536657398,0,109.86203640869378
0.005061583846218687,0.2736266662816659,0.29221823046189777,0.43921060124971734,2,36.466747571945575
0.16080805141749865,0.9971245001577111,0.9107701616439152,0.6105467550154245,2,73.01037263148466
0.5487337893665861,0.42618130223597295,0.7539619035967839,0.16036540611974315,2,44.78090417822118
0.6918951976926933,0.4513870243296755,0.8049067768414386,0.6736454174749077,1,102.31562749930607
0.6519612595026005,0.16362382119166918,0.0180065556004545,0.17925325573928075,2,39.76774836172858
0.22426930946055978,0.7948095487499294,0.962810357074026,0.6939495905101568,2,62.52584613687128
0.7121792213475359,0.6936822257814886,0.7266709920703233,0.22959816075396866,0,127.87851577636404
0.23724908749680007,0.2207696127887604,0.3047510953861333,0.11755130015021997,0,67.66571149181881
0.3253996981592677,0.0823810456158427,0.8293946648588469,0.16528449014295743,2,32.89444866209728
0.7464914051180241,0.6804993020747131,0.28152119841492995,0.001992135219070268,2,60.97914343420636
0.6496328990472147,0.6545112142811352,0.872753839566128,0.7187396178535302,0,128.1597243526616
0.8492234104941779,0.2732595269982093,0.11258039041193701,0.7324010490583791,2,52.197920179735135
0.6576128923003434,0.9508635622504104,0.7036859774607958,0.5149333499132595,1,103.6594105017435
0.5683086033354716,0.15105789178090023,0.5406984766449103,0.1613628010553837,1,76.45614772166661
0.09367476782809248,0.4323348010426019,0.09653447019544081,0.08355433751068975,1,51.625594624498376
0.3677158030594335,0.9436159201675989,0.24189382825883898,0.01912896643728701,2,48.11500350528466
0.26520236768172545,0.4197273169261223,0.01240403627731479,0.1657481769652207,0,71.10734652956184
0.24398964337908358,0.6385259476640855,0.46876796546450583,0.8908555349831467,2,70.54452578182087
0.9730105547524456,0.3975943979627943,0.3012652607600004,0.24153684170168177,2,46.11493191238252
0.3930977246667604,0.27421520234867003,0.5983574842977588,0.35427132721721566,0,101.18775505968141
0.8920465551771133,0.9839776479598282,0.2972378077086172,0.10534548448133318,0,111.76404661459048
0.6311386259972629,0.409334006315043,0.2999191115069847,0.22236130474817029,0,98.40856876088287
0.7948113035416484,0.8940992036791344,0.7431931987316034,0.5192245707802051,1,112.6352514507573
0.5026370931051921,0.22995460589108618,0.04814283597835345,0.6077526830956526,2,47.52994937658508
0.5769038846263591,0.2131047040250833,0.9028949951919872,0.24535231416621106,0,89.7987087936108
0.4925176938188639,0.03113408288451136,0.8522638743911815,0.05773215922511721,2,24.3368510304173
0.1952429877980445,0.651666825375885,0.6678046832264065,0.39103286912739865,1,78.02528122130903
0.7224521152615053,0.36852634372376114,0.5932215701073843,0.23420337092633414,1,97.26910061061116
0.2807723624408558,0.864358249839637,0.8923024981396522,0.21955392322980194,0,104.19750526246453
0.02431596643145384,0.47320990669155716,0.18533017952871444,0.9598628027134553,0,57.07894055627275
0.6454722959071678,0.9681934279147217,0.07896916219082861,0.6163004859257241,2,66.43197247061053
0.17711067940704894,0.18552551570312115,0.2395101699095381,0.5568784431720959,0,82.58855801985813
0.9404585843529143,0.8686231679556108,0.7945782787001903,0.4157751035233219,2,72.86994153165026
0.9539285770025874,0.7765968527917417,0.03467026672648332,0.42894433343014426,0,123.14390182411104
0.9148643902204485,0.770921844644052,0.5828068350834896,0.5409050038380808,2,64.98888238230157
0.3701587002554444,0.8447832281168877,0.9954375161913099,0.6964298070361072,2,70.30355316960932
0.015456616528867428,0.7610239909429989,0.8556960938375394,0.7021460961818294,2,62.56686412501563
0.9283185625877254,0.6262203216314154,0.5214456890435895,0.17169390770544957,2,53.16956858343028
0.42818414831731433,0.13124487768238757,0.06364090928664234,0.500112752076627,1,56.18439857838959
0.9666548190436696,0.032526179491251916,0.8313735143857098,0.41195809503410197,2,63.19747810193775
0.9636199770892528,0.9208478478156868,0.5989785081772105,0.8705269662693842,0,141.1666940436566
0.8530094554673601,0.616650314520738,0.11493299705956683,0.6314189212183764,1,81.66288482231775
0.2944488920695857,0.7965372909761763,0.0938572848233562,0.5325040664159818,1,93.0843282889295
0.38509772860192526,0.4815223515125501,0.9096268194365924,0.11539464217891737,2,56.74423384830568
0.8511366715168569,0.11730818896239448,0.6692002629380784,0.6056378893234114,1,61.0623318567541
0.31692200515627766,0.12518579220255044,0.8292867993167555,0.11720390568023342,2,40.91530303327006
0.1694927466860925,0.6855652872289714,0.8789789002822673,0.33720657556575206,0,97.74529512687172
0.5568012624583502,0.4303058948994627,0.5717723520483222,0.14284196481433187,2,48.745775835263416
0.936154774160781,0.20052472670033672,0.5174463517550413,0.6920736470243689,1,93.455335841114
0.696029796674973,0.4915945467414369,0.4304274103209902,0.2062521138361526,0,95.71969926803965
0.570061170089365,0.06420893707513409,0.3169465877911193,0.391859373188026,2,13.47179193297082
0.09717649377076854,0.5819714019143988,0.43459596085871177,0.8956747776187787,0,108.89826980211932
0.6150072266991697,0.26899340443509767,0.7738796557301564,0.2043163833989703,0,108.3765446389913
0.9900538501042633,0.7975591006371882,0.6019234310151316,0.5078050639587791,1,107.84793865667638
0.14008401523652403,0.31036195892357377,0.8925232899548461,0.419271661166022,0,97.19439573971697
0.5183296523637367,0.4552201490818012,0.4433800143791877,0.018124041045729733,1,69.11366891158836
0.8773730719279554,0.011620539908100636,0.607089578718754,0.7927581135728128,0,97.8250882318744
0.7407686177542044,0.07244688779455888,0.6313075530919887,0.06904590631459973,2,36.99466474302686
0.697015740995268,0.3924935564066848,0.5916971623063255,0.4742550209769536,0,99.89726708844844
0.7024840839871093,0.4799388347171235,0.7026337730855163,0.5606782949389499,2,63.524560120255586
0.35949115121975517,0.6000205481193037,0.23743346837480628,0.6284264566145871,2,33.736702158550926
0.29359184426449336,0.29166257870930323,0.5123637775457907,0.6886316293078756,0,85.0920420126457
0.8093611554785136,0.6949818861265425,0.10422480280834767,0.2532723835227151,2,59.84212472564527
0.8101133946791808,0.8601223971892046,0.38451132764481255,0.009978776658449373,0,134.8793191270407
0.8670723185801037,0.7798509888933498,0.4876670686212644,0.723443662354912,0,112.51864495598454
0.9132405525564713,0.039618825348357145,0.6522242595454725,0.5356565993475786,2,52.58855135233793
0.5113423988609378,0.48050694725782894,0.9505310525862035,0.8361177032072488,2,68.23383570421647
0.5015162946871996,0.10493017841817487,0.6006510665483559,0.8213883629006943,1,50.70241363048967
0.7982951789667752,0.24204501586252747,0.7435939161765598,0.8433261677878832,2,61.041116149006896
0.6499639307777652,0.9866625932671464,0.5062660594952028,0.48509465997954015,1,112.74454023355608
0.7019668772577033,0.14249554290151323,0.6341040313763313,0.33362839583686565,2,48.66371941351126
0.795792669436101,0.49888815345135606,0.07093221613377343,0.79155820259137,0,102.32426002099969
0.8900053418175663,0.6181557343181191,0.254391580841847,0.45129411302925493,2,64.35956273960552
0.3379951568515358,0.702464970544104,0.3618530932051387,0.1834421964034345,0,99.00838432793765
0.375582952639944,0.5596486834869141,0.47249335500651357,0.8549740195614743,0,84.75846983126796
0.093981939840869,0.00977084741918366,0.045648745502383736,0.8825598767723473,0,64.88206901730922
0.578280140996174,0.3264613082439919,0.14002409755331768,0.4663097561401701,1,64.19973201229621
0.035942273796742086,0.5177116433847114,0.2768143077913058,0.07569972730978747,2,21.031795668234878
0.46559801813246016,0.08786649914483335,0.9715326909010507,0.38782608991693124,0,115.641214762824
0.5426446347075766,0.35062693120918076,0.33134700710305076,0.8035376594626034,0,107.49289022247714
0.2865412521282844,0.033203108791366565,0.48204105811208253,0.9017740285462287,1,47.08120276006325
0.5908332605690108,0.07857849715502074,0.19609771273839294,0.20347274249759584,2,30.29118134867336
0.03050024993904943,0.39692327620159606,0.6107800710757683,0.06697361202527152,2,44.257528843646654
0.03734818874921442,0.13271575404306035,0.2806832155159743,0.8773504531328387,1,35.8542531250867
0.8226005606596583,0.5675408482615582,0.20699257843842678,0.3894049389788753,1,86.18338312288091
0.3601906414112629,0.6894649691372657,0.5165726284459791,0.5417609642675633,2,55.37410747661866
0.12706051265188478,0.8005866991090829,0.005505799160420821,0.9680658120507589,1,62.88112862264563
0.5222432600548044,0.2001502442448101,0.0076640326492253275,0.06656472791422285,2,28.287738549685564
0.7699935530986108,0.16748258225906976,0.21906880910185778,0.6483180074520956,2,51.82613004506048
0.21582102749684318,0.10456784033440025,0.03672136250082114,0.07410542257486707,0,77.21330182823793
0.6228904758190003,0.6364302495436367,0.10802575413069138,0.3754689284665004,0,97.56548760733484
0.085347464993768,0.7064757264869012,0.3388606493387516,0.8038145451934468,2,70.65126179934971
0.0516817211686077,0.03158614482564204,0.8025856795798129,0.4334722327556344,2,2.620665813268964
0.531354631568148,0.9362122462436898,0.5720486433693008,0.9971823539029504,2,78.36409230135217
0.5406351216101065,0.05197128365147241,0.5126677259564164,0.5590592849466022,2,20.018909163657888
0.6374299014982066,0.5412963353010705,0.29348882320812164,0.3211621526359535,2,50.75797482247998
0.7260913337226615,0.7090605194509164,0.9317537194328164,0.22011132590475313,2,65.76228093637008
0.9758520794625346,0.8709691237460856,0.39701504123719167,0.3505205342861618,1,110.62860806523051
0.5163003483011953,0.7140869321324278,0.08709276679577149,0.3725332737595508,2,48.250868666821965
0.32295647294124596,0.8017280830697918,0.6170665161178013,0.06871367772396098,1,76.52644283035951
0.7951861947687037,0.33945019254280606,0.11383839347660141,0.36957419942677316,1,65.80319393293331
0.2708322512620742,0.8148251137465122,0.3452231428016921,0.4642385197392249,2,71.58941511564434
0.4389714207056361,0.08011484638467514,0.5074119387178089,0.7227377522388047,2,38.18459015792447
0.07845638134226596,0.8948166560605276,0.8742225246851758,0.656729484721608,1,75.17681595822481
0.02535074341545751,0.5475923761537362,0.49354658034011867,0.7087656552291542,1,75.13068285887472
0.9626484146779251,0.8172977699624937,0.7022587660316643,0.008363681876857099,2,73.75340875465938
0.8359801205122058,0.45231828451830014,0.9928168389990704,0.21766739958053605,2,65.25115664285633
0.695974206093698,0.643577695196525,0.13148911989798162,0.6616842883998565,1,94.0678408124481
0.4089529444142699,0.5264026609361132,0.2747315255195195,0.48398936817974714,1,85.49149069918894
0.17329432007084578,0.7315895217553319,0.3945760755976464,0.005313475668345946,1,63.81893946176815
0.15643704267108605,0.08162998203058958,0.42182817853883137,0.8044946424318223,0,74.14240401489717
0.25024289816459533,0.0603520839905638,0.41102107526554577,0.7728095732903374,1,50.40877751538901
0.5492266647061205,0.24710323401014644,0.9076110025565549,0.5484191629935626,0,105.96596279339883
0.7145959227000623,0.15954468011318834,0.7140326444668564,0.06646332577627212,2,40.44190609526756
0.6601973767177313,0.8717835665922017,0.6079052140907037,0.7665150495325846,2,74.79303353937868
0.27993389694594284,0.21921398735804432,0.3093727178627821,0.583713587731364,1,56.488399027167695
0.9548652806631941,0.9758652558191313,0.8237903842212947,0.7819599771579592,2,90.91478095297326
0.7378969166957685,0.33689579177110685,0.9550605114849889,0.7517469923958404,2,79.27792938465686
0.5543540525114007,0.18211791568869928,0.8211982825502265,0.8030020719578371,2,72.27698622115014
0.6117207462343522,0.7896985071424791,0.0015651051914729042,0.5180080664046248,2,58.92186637803021
0.4196000624277899,0.6587077755008761,0.636401370183407,0.140324518193515,0,102.06788768030299
0.24773098950115746,0.498195716453139,0.051135381442100725,0.6711574733796887,0,69.13767309690236
0.3559726786512616,0.5553635509376312,0.25760722033372185,0.6204737850519706,1,66.6464226561235
0.7578461104643691,0.7192017782722638,0.059524700347771686,0.7422531871990872,1,88.84911996590887
0.014393488629755868,0.22845474133129873,0.6037954529493877,0.1698810060507353,1,46.19408122526547
0.11607264050691624,0.9963339160567419,0.6865899134926068,0.19497519990028922,2,52.91807849761297
0.04600264202175275,0.9747931621467831,0.11448763806590512,0.8904095172193285,2,67.31954842059694
0.040728802318970136,0.6503256863469369,0.3838388830449795,0.7499777984520708,0,92.6993553062517
0.8554605840110072,0.19954245092914513,0.456236508955542,0.9082284887003229,0,103.03465053762946
0.7036578593800237,0.6802282424312913,0.3690530217609166,0.7587153211639207,1,86.54517352212764
0.4741738290873252,0.07219840897917584,0.12102500048519305,0.5971553059903019,0,87.28065154908953
0.09783416065100148,0.030652502205806065,0.4189477901874754,0.6541327370278737,0,66.95562180190485
0.49161587511683236,0.2576828885112137,0.7511780478084181,0.88912792394001,0,93.7619953380134
0.4734717707805657,0.4626229567393163,0.07100766453325547,0.5788067545119405,0,74.10978405567971
0.17320186991001518,0.8682725054083805,0.08018001408190345,0.6323913243283874,0,97.24345070104395
0.43385164923797304,0.727169069766308,0.3547712918359842,0.15647671600360058,1,75.24192524677318
0.39850473439737344,0.742706521199981,0.941725711618925,0.4739212201161027,1,112.08292677362897
0.6158500980522165,0.42549333444807536,0.668572646722914,0.716397111958099,0,124.46964729354828
0.6350936508676438,0.3459349925469629,0.6786699566725648,0.2709426983163654,1,66.82023039686004
0.04530400977204452,0.3710387629846027,0.36191999083786497,0.20225418052453492,2,14.240080055738117
0.3746126146264712,0.9876495637360578,0.5936607912085384,0.31382680822441555,0,112.99264854338689
0.6258599157142364,0.04010919141248248,0.010131184027743378,0.24150062799283345,2,14.837416134466874
0.5031362585800877,0.8670314961224486,0.6360960464095422,0.21491263703639585,1,96.82056065772252
0.8564898411883223,0.5786754085723934,0.9132869475762367,0.42485084286808694,1,98.08972406789533
0.658693631618945,0.43861541918959046,0.6125734683448192,0.9078385138835341,2,61.44060362743629
0.1629344270814297,0.7252576604151365,0.873698593466345,0.5070596467387183,1,96.60384278223209
0.07056874740042984,0.48666894142470285,0.7239730554660938,0.18792038081532303,0,77.30026989312104
0.6424192782063156,0.8734232380816606,0.12055841640369025,0.07697166938087407,2,67.34250511611242
0.026511310541621813,0.9007018640112585,0.9024533072858417,0.6961561451379252,0,104.54751733059331
0.5857755812734633,0.4217209268734554,0.06644384435577488,0.38279876443638783,2,61.083797536109245
0.9402302414249576,0.2768277972350516,0.5339674725477638,0.8218309465853593,1,104.38743771145354
0.575474177875879,0.5923503285933622,0.14213712379345766,0.6595107686407702,2,49.26528528342536
0.3881699262065219,0.912363345616691,0.011706610730904066,0.7962414505413685,2,46.70034388559465
0.6432882184423532,0.21066218900566658,0.422034260127639,0.27194603941844875,0,77.33661991348869
0.45825289049151663,0.6229665835634828,0.29504070765415624,0.6923589224610581,1,90.22693845572383
0.5456167893159349,0.6315602200925206,0.486000493797603,0.2640619846937188,0,103.68751454076313
0.9414648087765252,0.733113022415281,0.5771998867345508,0.9390684794502916,1,117.77181654662051
0.38610263780077425,0.1315676851272598,0.04373907230894736,0.6363742815333744,0,96.12660049358271
0.9611905638239142,0.7158249646820886,0.12300329512374564,0.3245118001753421,2,55.47007001906807
0.9053506419560637,0.909032520665641,0.5586423964504253,0.26951186229227264,0,115.0884041996579
0.19579113478929644,0.17968310887024197,0.34316735317265823,0.1909265850716435,1,53.75927365798443
0.06936130087516545,0.23754332492387764,0.729173487549448,0.6946409588937278,1,74.56004747765928
0.10077800137742665,0.9713950940416396,0.6522916485919397,0.2187156129979273,2,47.70753000694887
0.018221825651549728,0.18097695270948977,0.8456043629899068,0.5953032659274891,1,60.997100184591574
0.0944429607559284,0.8543850933695791,0.6924928266692253,0.26463502692535734,0,117.205335971809
0.6830067734163568,0.4922778564480348,0.42993107739014813,0.6619689447938686,2,39.07085007125002
0.07118864846022899,0.24723107440317704,0.6729666223944324,0.8149397285405392,1,65.98681177761898
0.3189756302937613,0.8707499012725114,0.2753811742554185,0.7780252431446532,1,82.28610994028034
0.8448753109694546,0.4453052550026655,0.3063134987782127,0.7608513309307817,0,108.13481872377535
0.023271935735825866,0.5148173539296902,0.7889851599207933,0.18772240569225207,0,96.04562239043766
0.8144684825889358,0.3592333693997657,0.4464195164015822,0.08838494698451871,2,50.82371413041645
0.28185477477339993,0.5929508514349274,0.7983803405183525,0.6989488284873856,1,75.02854837472145
0.11816482762165625,0.16352387258502277,0.8224223736682784,0.3683472137943513,0,75.20535796102489
0.6967371653641506,0.3910815366517607,0.8575623376612838,0.4323462264033473,2,72.28601524749877
0.628942846779884,0.9694123223352875,0.9166352358412073,0.031149092793391064,1,109.57830288080707
0.877472013527053,0.25813343270112754,0.43098522051329624,0.2595764492750492,1,86.26815789272159
0.7350710438038858,0.6567366645412922,0.31886681832113883,0.03367640387446402,2,57.5386514027661
0.8034809303848486,0.3251900642246949,0.5821987465941139,0.8791857726012476,2,65.6390238208472
0.2820345725713065,0.7734731256866006,0.3711724234376276,0.24339668321853047,0,95.29591660616786
0.17743954377972282,0.13087366071834983,0.601074166800233,0.557337169573008,1,50.47787130618606
0.7506147516408583,0.9698210450785447,0.7055858626438246,0.03897932066113041,1,113.4497719703358
0.806834739267264,0.45378954138363925,0.6884050184921369,0.6668473913056581,1,104.06693822071836
0.9905051420006733,0.23605046334646396,0.37455288702012135,0.32302734575409386,2,40.7356908838557
0.4126176769114265,0.07349674733001266,0.16686020169875282,0.8979191869576658,0,71.87534798985774
0.37201808579278317,0.16975790508754074,0.43052933846220753,0.8881181889340358,1,63.81036315356057
0.7764129607419968,0.5197739485560177,0.14259414408190874,0.3252906183617478,2,66.38638187958276
0.34080354025301784,0.3370031764312863,0.8900970351838083,0.9009608956904679,1,86.14713747710542
0.9307573256035647,0.8288833658826095,0.3458774607378574,0.9961576734987788,0,114.71631205449738
0.8584127518430118,0.43088752366180594,0.15445974722332378,0.8254156641239481,1,83.40140717157352
0.42899402737501835,0.2487142725876299,0.025447759905750877,0.844871347755229,0,79.31727284291873
0.7508710677914974,0.61714498660403,0.6458223862864843,0.2490087361090899,0,100.8857710246874
0.7545428740846823,0.7067772168854458,0.6369023174547432,0.5767023988577563,1,98.36452606668347
0.10312386883593261,0.16704190790094986,0.34060416658129167,0.06725591396736785,1,44.35966045635176
0.9025529066795667,0.16761921628831766,0.071711888847651,0.09491793682166971,0,82.54844776091782
0.5052523724478571,0.03667142693354297,0.409628894895232,0.9988926120332906,2,30.732118595196873
0.8264574661077416,0.7364020150656405,0.3112174950633936,0.32663924942591094,0,128.45448246487288
0.32004960103061175,0.6638045276218051,0.6771206397350094,0.7481839120488464,1,83.54088988997407
0.8955232284962005,0.4746308757498139,0.6057792494526903,0.8066650530268165,1,96.52987796720319
0.3892016787341631,0.8441704489691971,0.36459372819754,0.8580232710072292,2,60.72732847204858
0.01083765148029836,0.8056701529500532,0.2178925542549901,0.9976282974021565,0,91.83590121785909
0.9053819764192637,0.5853543643967521,0.9880359661555919,0.24149648525686784,0,123.54636536780548
0.09128667678613356,0.8682712805132586,0.45400162119611487,0.04035082685969971,0,97.60649817761129
0.31931363759041487,0.20584121003676825,0.688274235780237,0.411191517994586,1,66.48802269372594
0.9500619670508049,0.11191961939772788,0.14055296757836078,0.13008066982894695,0,78.49817841632573
0.9506071469375561,0.2697496115169896,0.4855896996593978,0.022425889162055124,2,47.183006681088365
0.5734378881232861,0.05708685608931485,0.027536719869465487,0.3604268271414861,1,61.24483230957392
0.6318372121697993,0.531169528001032,0.50545511791045,0.7837382510752364,1,86.35021604029622
0.44844552197831977,0.9366056922949615,0.9640174071177023,0.5661806912250709,0,127.47756753176539
0.29321077169806453,0.03934354066850965,0.3842067129858002,0.31277798921035405,2,22.852348936765416
0.32866454536991596,0.1221099140100268,0.03899601257491159,0.6543420054927197,1,56.24162453526315
0.6725184560770384,0.4521990282834353,0.03095579091934353,0.23201818030881072,1,76.78932158526166
0.75237452943768,0.9338750175279049,0.3879867599468695,0.014381446072085025,0,116.08828014641263
0.7915790437258485,0.3161561049767505,0.16002493646319405,0.7643533864364274,0,88.12429507355267
0.7896181427945539,0.5072348086883924,0.023352096328185912,0.6237430848640091,2,38.495256119827374
0.09120610304869037,0.0415728590503921,0.7562136139501768,0.76230262450096,0,87.32326010485312
0.49442030470258147,0.14834320096208886,0.4585230088818907,0.03893801668766561,2,38.02868200378613
0.057558760016644284,0.9866301229588469,0.2892447719726545,0.8371196278306522,1,91.84170627998807
0.5495288823237355,0.9651186964360455,0.9000831830164807,0.6195262000363033,2,87.39957526647326
0.441530501373377,0.004939980934409616,0.11613896020052561,0.5633953507126401,2,19.784687153455724
0.8877041827582998,0.951811785423239,0.9559188289553192,0.6246140481145316,2,83.81934978227476
0.3509150125520787,0.6391199378155004,0.3139667173773528,0.8644332468683641,1,71.2118406074327
0.11706701642760586,0.8679182945200221,0.8884036723086812,0.5869365065589071,0,100.97268081953675
0.14299168205283586,0.4547398556338591,0.6029428764794615,0.5809503798881793,1,82.46929290091377
0.7615106317174722,0.5155960285792502,0.8267073597414875,0.9906791570657658,0,114.97865030264009
0.6182180633162611,0.4888465802569202,0.9840131632104643,0.756730167068568,2,75.89656073676846
0.10112267612279024,0.6668642575461043,0.2884054378187457,0.4422938054511353,2,38.03043909260764
0.08410680611499743,0.1396512547563129,0.961135485407593,0.7073970000329277,2,27.643521999759336
0.70096913145912,0.029973589872677953,0.38948189490242036,0.3892304716917885,2,22.96631217814558
0.07276300636419353,0.3079299415911909,0.3855119047369223,0.228875462483499,2,18.617537004269373
0.8218600592903562,0.7046807627366467,0.3403871042545057,0.5968518768877594,0,129.80168097120716
0.7062422271564962,0.20185345212294836,0.5414076073475852,0.9281820981139515,0,88.52927722990592
0.08134878064189976,0.6734324333249173,0.1541450431784871,0.9291395200154627,2,62.91952503077456
0.08483771408519192,0.9699120461072704,0.5537114853580112,0.3419052781054903,1,77.42882148036526
0.9866395785011755,0.09390071578941839,0.541704812410004,0.527677466221695,1,86.96558660354148
0.3742707957561203,0.6726021182251263,0.76190181260487,0.2116358985698612,2,54.034090896934785
0.3706421470668909,0.44375021930457115,0.8336499619375856,0.9956311094988834,0,102.29298769266826
0.8127995672575026,0.8681422543775054,0.44044135031242404,0.9811179078679357,1,95.01547550650176
0.9472485773838587,0.1771497894473859,0.30233324935149375,0.6495089297074473,1,77.06127335600316
0.9860010638228709,0.6926259522261645,0.25933489731709447,0.8044140596774734,1,88.93304858318929
0.7533781852589416,0.8381152896481102,0.19462383670487193,0.7151001612837,2,50.35366449295269
0.37625958553091576,0.9446142194740232,0.05764758219902488,0.5931582190394682,1,87.35287696143807
0.08350071669866876,0.6832480282896458,0.34244797883471334,0.053347996988897695,1,60.8631511107716
0.7771469159274368,0.4971747640084273,0.27024769213078326,0.45476434255266107,1,99.9974804675523
0.558404249735805,0.6178472402012138,0.9664173858664074,0.6747863021674105,1,107.54244499005318
0.4242220092469763,0.8689049844787182,0.5577088262500439,0.6775316138836847,0,132.38667413376345
0.906354385094736,0.5706097466388297,0.34727703903050755,0.3731226184223836,2,53.882959338150265
0.11119748230615134,0.03038705969683686,0.580467600993696,0.9416919866580306,2,26.939056144825116
0.49262510429085915,0.9309486955069778,0.1391967013456955,0.167357032236781,0,80.26749570147608
0.011353644767419069,0.6895267510315611,0.4440437492022029,0.5003594462155606,0,88.98812502361744
0.46866064199412627,0.6765133857772465,0.6262343214210638,0.6908839765508228,2,61.538864365089964
0.05630327568183735,0.21567515239771717,0.4888978317924514,0.6971358058918092,1,58.605899838148645
0.11881791626807192,0.6588854702326572,0.40177880065432425,0.6486389567688156,1,74.01823777270636
0.11752624677710488,0.3938644056541585,0.9938483888996982,0.27528821345186016,2,42.57613925950873
0.6492103021160636,0.6512329770414921,0.880314762148927,0.15620656868662197,1,67.56156273335223
0.7460448792654233,0.10659303030799072,0.6234059581594401,0.6359403268267109,0,98.03480838255803
0.5833687650971596,0.657845304603036,0.5693773611822828,0.5993021161394377,1,96.02984244137664
0.9621725484745419,0.9994137257706666,0.620660479824584,0.17935601028924097,1,126.42874921073553
0.37487057952370406,0.04821203886055603,0.20131210782243325,0.7051391455705633,1,57.939613145056974
0.28571208628186073,0.9771741842213173,0.3951377432643186,0.4551719917336564,2,58.80543407279906
0.8685991281894603,0.4069079607228706,0.03945953289089932,0.6677605916031529,0,110.85050807075788
0.22359583851945264,0.8707534503372591,0.47554603748682667,0.8373670797701507,1,65.8492624705172
0.9632225394406113,0.7823854840582735,0.5430245839576632,0.16972842857692316,2,67.60038620420033
0.012154474689816341,0.5670162609866678,0.2277497361032096,0.01914486799683668,1,50.13362828160664
0.969878826707639,0.7384492092513265,0.9640288471655137,0.7791025863957868,0,135.36071798023727
0.04315991195057611,0.8785155613013479,0.909454610937242,0.6096974251526159,1,68.73455815855056
0.8911431136980711,0.404140321651033,0.7221432354559059,0.6996395696221217,0,127.53552330475998
0.5277011090862999,0.3270331615632387,0.5333866287653626,0.8381549749886426,1,75.46354306346976
0.9929647961193003,0.6675933855635847,0.869969159647685,0.8028109348245005,0,135.10813875891046
0.07379656473539886,0.8078459419412586,0.1306523438234629,0.9609201469288247,1,78.98089521606875
0.5538542844013208,0.7622851347766157,0.790509794274885,0.5359350788521182,0,130.90147954589264
0.969302535619099,0.7978136488586345,0.1248208139668483,0.48849563265990537,1,79.7534932801139
0.5230978441701488,0.435583314812933,0.7942106625494054,0.4018871998907301,1,84.14256482221532
0.6293986381352625,0.8178342161750216,0.27576756825135695,0.15369104284420454,2,70.10937219157653
0.6957486889846172,0.12020905537060844,0.8770905810181889,0.5726072328820224,2,47.968842366339935
0.45454106476777323,0.5444890979608495,0.9440420938253978,0.2770125243259788,0,97.5540690498519
0.6275580800840634,0.0057586604981215705,0.14879596940511564,0.9213075122129755,1,55.20718217612098
0.5843143119231002,0.3245858299002703,0.4626756050653935,0.5831908042770976,0,91.66886267971861
0.901158010490989,0.3664615348713979,0.9809873781626851,0.5928401805081102,2,60.03085078269051
0.04544638034145787,0.3961726916092554,0.4834074359731466,0.35492466087701,0,78.89958323217338
0.2809631895922303,0.6954672066898622,0.8635475225145451,0.05198935197770749,0,119.12090195727939
0.9504114840765587,0.38855810127034573,0.5887315221313199,0.03174376537298862,2,50.17308901409205
0.8902637838909163,0.44869362262253065,0.37532990791960186,0.4233351441531975,1,81.51886827876274
0.45565675278571294,0.23754413087432746,0.2857835555258702,0.08456537809723785,0,84.33059855053739
0.6201325978015367,0.3732517916293401,0.20322309108608727,0.6068469555401391,2,41.91877733670408
0.2773811829811327,0.22726962726315147,0.7617981913776972,0.8809730056396574,1,58.16606313046173
0.1881211597237613,0.07319592376844364,0.3865405068230279,0.8829148165187222,2,24.51954566630815
0.46369840493998216,0.6034485933813779,0.5112754622007512,0.6590454101322324,0,103.87594490482267
0.3533522280260528,0.6682127985550163,0.4923254800011819,0.211231831472931,1,89.04469015211671
0.5836561118508721,0.6194903460096145,0.5772790292331312,0.8629968313588721,1,82.74332211213547
0.07773463696498484,0.46349404380057235,0.8655771456245522,0.8860934353132082,2,56.867472954149996
0.9743948076661665,0.3797857801792298,0.9807393435834294,0.1966535849529587,2,65.02629003735294
0.9862107444796029,0.8633336495718252,0.40758420857381694,0.7374260857706773,2,68.56619663729425
0.6981617140197451,0.519081785136218,0.8275189221063031,0.28651954892712295,1,78.03591363666908
0.5360963663441204,0.47918187762973097,0.7645277946547177,0.8026403123529297,1,107.9110103912218
0.30952761628632774,0.025642065806435688,0.5735289514555733,0.9972378999036027,0,80.15530892064035
0.8137950197069487,0.34124782762615635,0.9560471436119331,0.030026005329392813,1,96.85000778909219
0.6847311725538793,0.38019561878585706,0.20047451552840279,0.8973658657909319,0,81.65171495044673
0.1626169393448913,0.3988227808969005,0.10926421030962141,0.622630533598658,2,55.619957838040776
0.9109271844938425,0.5801723692273323,0.8539619669554221,0.9733826191648212,2,86.2802221183365
0.822537242923169,0.5336025467268785,0.4391498166337483,0.4650095175264276,1,86.89890852315736
0.949799913291924,0.6079050927934446,0.8469688542070605,0.8473879305713737,2,75.16179892179535
0.72571950838836,0.7648832615421283,0.8930902051954149,0.06239406859827723,2,78.19864178625696
0.6134151959357899,0.8129857387160935,0.06245759361907144,0.3352790500782957,1,92.2956446671323
0.4182430362906189,0.7181230762264944,0.8834647629860607,0.06701653775120997,0,111.43696757898606
0.9327284833540133,0.9555236959549347,0.4483190553694222,0.9753431334790705,1,115.03140236301924
0.8660638895004084,0.01823258267636163,0.5104324890042322,0.8169739072718367,0,100.70027968512889
0.04521867010618941,0.1957779856835461,0.6265925110932102,0.8525474212459705,1,42.827968434049666
0.026366974497252005,0.00756287497814212,0.9263826067300868,0.9379652314338942,1,55.28808155684139
0.3764633668780496,0.647474714154603,0.01911609442976403,0.08510348611978535,2,21.95760773939028
0.8105533307818329,0.8980305489499869,0.4768434683178171,0.38559759251333336,1,109.67659061996919
0.9872761293149445,0.24348229657629927,0.6877220424305607,0.07103488904400213,1,77.06422577121835
0.15041689110352818,0.9270345447963066,0.7227069576982285,0.21079310155002862,0,92.44017790763118
0.5941307153521351,0.06026739028956085,0.692532431537108,0.22936577703767236,2,28.44105823307568
0.3808908566310215,0.9344360268055143,0.13443512940812186,0.4691072110475787,0,107.67750348444729
0.9699143978146032,0.3516226872396344,0.29939558837168123,0.2685621674536426,0,99.78358904043542
0.8421189231357087,0.10142082844921652,0.35871552541701346,0.10097810681776109,2,25.77292681823007
0.8383287047111379,0.48587175918632564,0.804437207679505,0.1674910890941077,2,45.299700536012175
0.4686931597949703,0.25677656772050794,0.278759872414553,0.14727556355209093,2,32.119138456786416
0.4148195023376652,0.28487290196192283,0.21070496386720317,0.9730767979122983,1,61.97668733756931
0.27340707193070624,0.3072899649262866,0.9574480190380962,0.7592925069184736,2,44.65488910627881
0.056375496650927115,0.8030258978326634,0.0088632851134689,0.967761465269562,2,42.070329292916355
0.8647223762550532,0.5391612766752545,0.9978208556819782,0.43974048650790853,2,76.16260120513361
0.8129010091300776,0.31130769915600365,0.6768212988573956,0.2783684816626566,0,111.62891405161608
0.9997176732861306,0.6103337833109184,0.8284692994491171,0.7982931972091867,0,130.42229150167927
0.9966368370739054,0.7161506742231936,0.29461939634619316,0.3262539180411468,1,94.49543369088379
0.5554317056026274,0.27262400073353377,0.014315277667059978,0.2993833737053483,0,81.09568586877289
0.7689874151805105,0.4135491015253515,0.73786951856153,0.2325059922078312,1,83.30166713714206
0.944765729882428,0.12188609333694755,0.8341445970006758,0.12967897822423535,0,84.7725638158754
0.8496473906774115,0.18114934953468032,0.7404761319535191,0.25646306101676597,2,61.02901066384335
0.24734810174319766,0.6811178539649828,0.1428502873008386,0.3553197484738877,0,100.10974906652893
0.4505441353100935,0.18143834769562694,0.7534279222569691,0.6739942081457304,1,92.46569842953053
0.12915941515149498,0.5251633836670602,0.768922782107641,0.06256484221945158,0,113.69041493035067
0.9540510272587224,0.7090462617224327,0.6585405156700549,0.21050693966534295,2,60.4990596741859
0.60617463445088,0.10687692309474384,0.7661159327955862,0.8090236402916764,1,72.51887181235637
0.22864280550346272,0.5673122196289035,0.8459214396777321,0.14692192358377076,2,73.0548169483538
0.6717006844058567,0.25656278370136376,0.6136041142374584,0.34264514652252154,2,45.70655947438229
0.6181282404578958,0.9629268752375798,0.08860471396967906,0.8646589218581401,1,99.92171474668257
0.3581627180328405,0.4835456467199247,0.48762780966721087,0.15492531114344266,2,26.17721719761505
0.11355759219962902,0.8059925497751581,0.07764933467160506,0.0827368356181899,2,39.52967112237694
0.6715731955927996,0.5502265421562618,0.40754303103243084,0.48453799508001083,0,124.47190187307407
0.5203077009037933,0.043412532854819164,0.40710648912562764,0.3024195112785364,2,41.37831533763977
0.7723183917356393,0.6331513755940223,0.06600984414024158,0.5634083644838541,2,49.35004108828801
0.5201635011119934,0.951403342206657,0.3488205339694793,0.8038048904834751,2,64.71233464016626
0.8521815003185401,0.6016118201463312,0.11099809879131484,0.13714848815274316,2,41.91236174782055
0.5519068387744855,0.8191888594267902,0.8082352100092222,0.580699084554285,1,92.78482318353642
0.5609379715353863,0.8842064633484078,0.9476880259644708,0.5055087603898639,0,107.10312651532126
0.876653602658345,0.22807977194893247,0.0723164752579386,0.14407878601319957,2,37.46171957640099
0.40348286621239704,0.21204483990822665,0.9551152072917014,0.6239984855289824,2,61.02967538312894
0.13401522845064073,0.6109809888509917,0.5225765993367452,0.27364041786077165,1,75.20195181383899
0.028782676313338973,0.4110284698067047,0.2995656779538739,0.4878343185440125,2,41.836665725843275
0.755137255673619,0.8398613028667203,0.07686207527616351,0.08227232427706188,1,99.34102854243126
0.6203095513534647,0.9000231233980112,0.5006242680704178,0.45958405721362305,0,113.75045651434269
0.7040797680992236,0.3534213793027181,0.7945155444907487,0.3064634680428203,0,96.61912717126413
0.21296416150891073,0.23687055897448206,0.7070864772666982,0.8223812111853543,2,31.01744329291956
0.13637147558676976,0.7805255152438618,0.05022601146397376,0.05697872699736828,2,19.715852892190238
0.014544665667881929,0.2748060355481361,0.07290183536790351,0.41860727491832994,2,17.39599317645902
0.350587558806597,0.8226143185136784,0.4028732826326371,0.458431424131438,1,57.019335432941304
0.5899176868546331,0.42373825364876283,0.2952904940479433,0.7250060762991187,2,53.71708648840342
0.3922440450997323,0.6675498992914705,0.23238432305604784,0.574287575090211,2,49.5786888938626
0.43747492202372906,0.09553531383466818,0.2810044989087136,0.667212337194181,0,83.95227222916309
0.9041586944937484,0.623859324676573,0.8034827432968846,0.7770492856517561,2,86.48944437381198
0.34825546702330035,0.4517676787372291,0.9292280536318539,0.8622029736581888,0,107.71290785279567
0.5139894891598108,0.5866084631754741,0.4051026945275664,0.3138754967224705,2,66.44054943613688
0.7836530127411431,0.16801420774486342,0.9061110021324971,0.538022705363903,0,109.9520638978399
0.39654278232127016,0.7368737449441821,0.32149570124788196,0.8401080784391999,2,48.63095960859452
0.6220867002278735,0.8627970775432285,0.4764369863437916,0.9894511309650564,0,120.22062472363295
0.8623637087467452,0.21673980009077565,0.22602899781599972,0.8895193110437631,1,55.34336606528964
0.9495206236576421,0.09571455552016173,0.640476042175844,0.3714672626243768,0,89.81648999557473
0.14707348092903794,0.023638586046336396,0.9789811151748089,0.19516651721865041,0,73.07907128607337
0.9265876251614944,0.641971500443266,0.6034930960433786,0.4893925374065887,0,125.9030121630856
0.4921162930795382,0.6070940360887808,0.35781408411354887,0.7416414518360422,2,46.11633615115067
0.25824438829895835,0.54669741271407,0.6478174459905284,0.4925690707532976,2,35.03462764553079
0.4591357562382613,0.23194709611597542,0.12292067846538757,0.4831808633136685,2,11.466859704150036
0.980032575285477,0.39090599590551467,0.8886590802653986,0.8382304210818006,1,95.22852772497768
0.4926180939928696,0.594476335186173,0.5030839507798364,0.36140377906718635,1,101.74183105718092
0.3287516102875082,0.4967668588591694,0.44934974203964206,0.8597946748116456,0,100.02923460087165
0.6334008543167258,0.9877855202148873,0.5858647884535192,0.40680480095172356,1,113.69458434023669
0.24014561877819307,0.13643975255673313,0.6247838627894025,0.3282331056783394,0,69.43942465154407
0.07586332810866392,0.6951445540475938,0.07177580622651303,0.453989911199699,0,70.32259964066873
0.12887972191064923,0.4043187681042921,0.6826172212234024,0.7624469586748684,0,79.10518175182722
0.12804583895777244,0.42819961492561476,0.24193168031552958,0.12600202786399428,1,56.09670255913192
0.15190269351229435,0.7175977656581762,0.7139526325065898,0.19641921587201738,2,29.56294780575529
0.13882717264941014,0.6924361513243696,0.8225347943841967,0.951444825663092,1,77.76150121267423
0.6408747448032146,0.9912559937021883,0.8039585075525203,0.17549162738135737,0,120.84696165733502
0.18188008439914483,0.12839428945412523,0.5525009674078891,0.5677273179310546,0,64.11021357697467
0.3456672833238632,0.10410964938416634,0.5201698923107512,0.5793144666619379,1,39.49411681466866
0.8967884099060118,0.7243388171287412,0.14287596133941172,0.4896244620502448,0,116.52750581171826
0.47396164026287235,0.5783869170064091,0.7753461504031356,0.6447452485768186,0,109.76741583081909
0.6675577385210272,0.27416066655980587,0.27140938044671437,0.22982672579761843,1,76.50991236123481
0.17231987120162984,0.0794193689889866,0.49669542281794654,0.5526622677767482,1,42.70264453721035
0.19228901880867078,0.08565824959643054,0.2842740929275167,0.37217325524689715,1,56.201442389611366
0.04086861626647886,0.8941908746641183,0.13382836299969314,0.661667259629189,0,111.57997527571371
0.16893506307216455,0.1918673247187429,0.6295576968917366,0.14122354337314946,0,79.36828157484943
0.2785903390319586,0.32337156211552076,0.05433203482290383,0.5708774168394762,2,21.988624575965822
0.17701048427674682,0.22665640222698802,0.7486452341262,0.1852703553833237,2,32.6529853488316
0.08870253375705561,0.3549963058319373,0.31758679526111666,0.2786430631150364,1,49.42122088940609
0.12063587110060081,0.06942384274609337,0.00013469300448532007,0.21870980032358323,2,0.34298612939978135
0.46077876803272577,0.5190597909082704,0.5111291392372298,0.1828377798688171,0,103.4693191557786
0.2063337184057925,0.0676125635922149,0.046851908527603126,0.825710951560667,2,16.69815858414912
0.36426986104807546,0.8003565078223616,0.27616955782089947,0.28570756766089034,0,113.3737795118639
0.5034172708548569,0.23371208191043302,0.7069764874557162,0.9271237818644493,1,73.43753907738613
0.6903948286293653,0.5400119146045106,0.06268962162186587,0.9699265253451909,1,79.85363332225049
0.039312139841098936,0.8800790875614583,0.8393384923560023,0.5712604699370973,0,103.2167922918676
0.7994103989090426,0.6508773690471942,0.003819922658583108,0.1430011226657264,2,40.321982022115925
0.6279003894909078,0.5329577865513353,0.24682386920190225,0.37454824337958126,1,86.98153195078041
0.08175903194887191,0.3243337531153756,0.7409040561520714,0.797732263348214,1,90.07864148574629
0.8735786241067772,0.33300191305819793,0.3162701497293068,0.36739072869707046,2,45.704473141426554
0.9208724005318132,0.6694869551981901,0.10189238806601353,0.08701721830278875,2,50.5087107314801
0.06107795985486375,0.9941393612211675,0.3602339188004279,0.5567849109281879,0,96.91720589271213
0.2768776481472037,0.6618391898493786,0.27039328638452553,0.8451208514960348,2,41.84163900503832
0.8062012797930613,0.5577834173700249,0.8427119021605549,0.7959263871435024,2,87.80871386564698
0.7482596903836584,0.7306505102392461,0.31334791758514313,0.17512314013035324,2,52.50719567648708
0.18452101935637732,0.46520561228371815,0.7889324717760072,0.6727646144124667,0,90.79748264278948
0.2093493233367103,0.060142342600785215,0.8918721448107347,0.2205042634356471,0,66.32511641319417
0.370472102791382,0.5622968158779098,0.43381741957652953,0.21820753455217223,1,77.40094719454088
0.4845229851910213,0.9576252845053802,0.909943143854392,0.8740717733051852,0,129.10798592457564
0.618254771530296,0.17530294235765964,0.37731805396319285,0.24966895274023015,1,54.231023688855814
0.3689136395697724,0.6900048908206657,0.9640784164901082,0.2632473465180112,2,51.65335064172128
0.4625347161331479,0.20093368865905648,0.08928952452557293,0.0006533907612995549,1,69.03504713383673
0.7474709381337565,0.5358276844730813,0.6870192665032427,0.8706690341255177,1,96.63138875694365
0.0366832028905979,0.09667644964671962,0.49381404045692867,0.7925948132091347,2,23.78663696828962
0.25243694434402075,0.45037093625818514,0.38764880545564706,0.627328935090678,1,70.67074949092836
0.7133495858845524,0.7561633288952461,0.6327118787486009,0.7502657639388423,0,135.75016982881863
0.8952068376871993,0.3475715242389821,0.7038570916343312,0.1520485674244918,0,95.90454998389968
0.5116774421156661,0.664911724487218,0.004363269650309087,0.45832359458757543,0,92.6533383800761
0.5321134852653157,0.7954499607897292,0.16695308874719872,0.3512193873487809,0,102.94300657135531
0.10717201133977605,0.9271778194794527,0.7130460506343187,0.09377652625701649,1,68.28920114173069
0.44741236682345464,0.23464208185545354,0.6663854135782065,0.4861304852149241,1,61.8356522368217
0.5326172664550232,0.39931591580930814,0.9660475051286772,0.9207396503426354,2,70.94624950483228
0.24247050363472966,0.15241601333041743,0.761037790250783,0.04005911905069448,1,66.59423760108237
0.26924323094938096,0.9924835021583752,0.950772707731338,0.2914609134937939,1,109.07736905540145
0.37728416310462265,0.9270009679242953,0.702540501534807,0.20754093620570346,1,88.63388077754966
0.02007119777772637,0.5399571302805596,0.29805220863944315,0.23814665366569632,2,25.885979452811632
0.3220791655831783,0.8420332943764213,0.10536492225085647,0.9084345518793753,0,86.65469575598276
0.21144800699654465,0.5209579772720422,0.7818238633449356,0.4680690542342901,1,86.81827253318274
0.32749735217791465,0.6235856880027597,0.6441492214759159,0.4662994129398188,2,63.28084933202529
0.11976213181925122,0.08912443211601662,0.04818601239329623,0.7605756424552823,2,26.566527576993032
0.890527280739895,0.7552704204968079,0.36005046590097833,0.1544922040049258,2,81.7134791349104
0.5935924535540487,0.12771348363523483,0.9567998154842862,0.4872653541000508,0,101.14604873761614
0.6791023191444896,0.8260676302525284,0.5004011457102012,0.4299852141210597,1,113.29246820531738
0.7891712386073383,0.7820280876703859,0.43272913601970464,0.5969106905466561,2,67.57520419931745
0.4984421989290573,0.7087446977429764,0.457699605159294,0.9995577032504386,0,94.78251936322553
0.08692028808742369,0.036160380524762115,0.20888272400516372,0.7694488940820471,2,24.53341405693812
0.5371065418185478,0.3031283559453286,0.3687071708647952,0.3978657030174272,2,21.5522396797528
0.5868411180208791,0.26311256991084286,0.3698132559871766,0.827553052274047,2,45.50355247447774
0.74543947418433,0.3601364074715191,0.0523550201874724,0.17070836331248018,2,49.07606258250747
0.4316595462296794,0.08764274676383854,0.7675676285179183,0.030463686308960125,2,35.35407365124386
0.12758030279556376,0.9369578230310628,0.416504431903879,0.20444837246427305,0,124.46272507365248
0.28377590579872447,0.5538022407123763,0.8221798868164233,0.34041155611425966,1,60.85379015845808
0.3630822963986351,0.30552431065802355,0.8503480011198954,0.5105807574595599,1,74.39760218991435
0.6459172413316012,0.3969815170742834,0.21199405469865806,0.6151291405411998,1,75.82250507483108
0.5707783046689119,0.44720254050483565,0.6573534821701286,0.9106057172144217,1,73.82354941398344
0.35609672589784624,0.6005943333606173,0.4722818041629817,0.5098540095504577,0,87.71352338288145
0.9865152487929797,0.5156794276964978,0.8801567379214851,0.5012756446257294,0,114.3872396680703
0.6057748193568872,0.9193919732144173,0.21574067917645412,0.05024300982298213,0,98.76969425054959
0.23722679173599448,0.49696348290583026,0.6778132003100442,0.03491155265622381,2,39.82077609943748
0.10178247262040374,0.9921580148233127,0.6077521222527226,0.5511599619163721,2,54.37678783424119
0.15285913918433203,0.8514249577450957,0.2953014775718328,0.4381786132483445,2,52.109672010210645
0.24595772838450813,0.2085105143573358,0.1366009036511726,0.8391803949802986,1,63.33727911068574
0.16068137325955567,0.9305952146439163,0.6516397604772766,0.16067958471184518,2,62.5016304373962
0.18656702405130576,0.11636639788547609,0.7385974581323307,0.024971662117049598,1,51.172069968927765
0.2850951686938471,0.8174497084911916,0.31562734376335,0.44903876793012587,2,54.898534249676054
0.17337359529475482,0.3806232934765801,0.6448326040223138,0.23747855675225749,1,76.04886640764202
0.8967654246264252,0.8779743204450695,0.39513090761150327,0.04961437333883745,2,74.87634325498888
0.08023374566164221,0.8680566901074503,0.7132068832826177,0.724598286847629,2,77.22917745271013
0.5245113895702547,0.8059254001176211,0.1992152748940531,0.11159299995724747,0,112.89438305693291
0.4103968269896615,0.7900304363070614,0.8902150026361744,0.6083195000077717,2,84.98468804125812
0.9823786169086064,0.3046791390980408,0.28740959646557973,0.28104975016688916,2,25.293782222859665
0.11203890216805235,0.08091928305125218,0.3677859877561529,0.17349605035502202,0,66.65537985716726
0.39785559904574164,0.40298017876516146,0.058091952080349785,0.37975152291931746,1,59.77490438325669
0.9694704332753689,0.17352451498650867,0.1115122123212764,0.8014457762229537,0,95.01999830323433
0.8655071258939803,0.6949510889024617,0.5158619027123281,0.3920935769045727,0,109.95183695516877
0.8170720709492799,0.34609972653778553,0.2675926767279715,0.7507696492110557,1,85.17769522050159
0.25790282704493983,0.9756102008599149,0.8354802257421944,0.1254862967991507,2,46.64239600440606
0.17088758739006582,0.640972077345332,0.014693388654953843,0.7727714196650791,1,72.82146131397803
0.668643219924431,0.822480563634361,0.3790940486719362,0.23693332490664865,2,55.19262116380717
0.9293759891275858,0.13252467274184843,0.3373455467690927,0.6773931298888728,2,41.69924791656775
0.5567628930139298,0.8620144822726226,0.019327630917601035,0.5657815548409963,1,91.61285194374216
0.5716126894698998,0.9227571905133943,0.12436839900051022,0.9291447172116873,0,116.62526073542318
0.2799790936602842,0.4870619188189359,0.41364267491863527,0.38732251797531403,1,80.56713735475634
0.7694929331919369,0.6062529377509774,0.49286458444744663,0.06616518883444045,2,48.158814024630644
0.18704374855752337,0.7648098009029954,0.4042897472548691,0.019155485551252904,1,73.67399777128415
0.3236792364042437,0.17483862726041255,0.5309376784120938,0.8268585609727531,1,74.47899253062472
0.4254364386164168,0.5025660764634424,0.5951316749056815,0.5247356376614322,2,53.62772352927214
0.507610378684455,0.3986630277723131,0.00992382112783563,0.7752440518349493,0,93.38169194696034
0.24240973241508024,0.1463739921622491,0.4640951594535039,0.2344256000115147,1,65.83383943195993
0.11483682473920354,0.36753442229153144,0.9634992408875883,0.34508374551323373,2,36.80487941802619
0.6106200424416326,0.06817230938549357,0.5190322801295487,0.03010387221131894,2,25.55886920215017
0.28863055324025577,0.025811906949486985,0.6775422674589532,0.9614923245741122,1,68.61620583943069
0.5812382214226123,0.13516628915482276,0.3118638579168832,0.6678679067008134,0,84.26543957410618
0.1543627152742023,0.9631151115891738,0.7739913781527625,0.9332050877593062,1,109.1894000394185
0.4811401018548175,0.549529535895017,0.7729214818761151,0.2654964074290723,0,108.22651257440879
0.5325894325515859,0.96582216115322,0.521296047654139,0.6114636112256608,0,114.91761968511315
0.05182353682242691,0.432497878330132,0.9760138232792136,0.6784999682926378,0,98.54373765450015
0.3366042781939206,0.3118161330852596,0.12555021476265338,0.31754970025758844,0,69.23027832483163
0.13441467693897424,0.5061418628402441,0.016947664889580993,0.8481092350156301,1,72.56744515329748
0.06337497047276774,0.4395116886329101,0.770158211757096,0.9471614629002478,2,30.384972458162313
0.9899602323899452,0.10566468426174391,0.8071555373648825,0.8848551176960043,2,71.13770900838765
0.32235384497472297,0.6408263146902062,0.12020722912057624,0.7390669759393725,2,48.307247390500955
0.8098744458546349,0.2160381825095996,0.2655828329586061,0.27746467972495403,2,39.37845443621795
0.25464065476376385,0.6195879548978296,0.01755236336662891,0.28161604210563174,2,43.22328703655375
0.6815027222239293,0.6502010923981534,0.2933086107805647,0.9633603204460379,2,67.06616722433924
0.7602278598896866,0.1520248531286481,0.7731418739186715,0.010284495935692028,1,87.75732921614748
0.5956387406078443,0.06134962711066816,0.5179605277125789,0.7160499732421445,0,101.05347497286974
0.47157618855015837,0.7807615860684398,0.3480955931682881,0.7062461625552622,2,62.925027029823596
0.41184091414726853,0.4598004237693202,0.3717392949063303,0.6226895409497974,1,65.69121880239966
0.3488682665429953,0.05816379550547579,0.0013536257154681541,0.9901088460868658,2,17.3056707872245
0.9295291442478258,0.9948663171697671,0.2998005275652359,0.31187943576372523,2,76.07886306505095
0.8306194077877291,0.05778056099636664,0.6464587416379305,0.3399718637932482,0,104.37591508812858
0.9650269106665126,0.6950352288585532,0.9741944438163571,0.07893940294655555,0,122.46163476675545
0.12429722348554473,0.9836789252634136,0.8470608269838995,0.44279813654373745,0,110.71586641591688
0.7308674752036443,0.23918010421592562,0.023594964645529126,0.2610485262348481,2,53.05911927267968
0.9383404568210378,0.14224936868719618,0.8985606046748393,0.3433867021776442,2,54.20228245361494
0.18123306616566015,0.1213849394224289,0.7831984132986259,0.8345717902556277,2,27.954756827729703
0.0664962673667775,0.30327514756759555,0.7803761235709804,0.9354845135274957,0,96.85472181434318
0.741120649290059,0.10104581101064669,0.4579957590035715,0.18573307200518563,1,66.73135498965507
0.5744731131799119,0.6921613416941319,0.3980052929545028,0.37250893155346587,2,42.7098506034517
0.8418287767582721,0.06229179813006269,0.3029157288331926,0.9286305621153941,2,53.5002962538422
0.1397723766262895,0.5094221281497897,0.06569485895436578,0.06180846068922263,2,19.031645003767068
0.7952673118598902,0.9966968538529768,0.2282353634936991,0.09236052811137851,1,99.6500620447993
0.20162732004774453,0.8139702695060188,0.24660363497802462,0.16279098920622936,2,44.48622183542231
0.1636559428657045,0.6152194382310109,0.4840770697102016,0.5952128341268748,1,77.45313728538298
0.16426579793099294,0.30625362078661167,0.747444406596694,0.15047227100599747,2,11.720988885741466
0.8145747202313821,0.6238958362916385,0.4738098283979466,0.9680763814507335,1,95.19904065308091
0.6651972206962001,0.5270414639116516,0.057844449447160606,0.44671452725852034,2,57.9099800400375
0.5230654247691193,0.4260833838903715,0.9577898009882039,0.5015179603501664,0,119.56072892087072
0.3588304841235025,0.13071037674019947,0.9427243190941123,0.2466586158054065,0,77.40149831684614
0.8772005408131083,0.8866042152404667,0.7851895431484084,0.4709602524347335,0,141.39956064844557
0.3924451074226354,0.4497846488213225,0.9913279015642206,0.6619136326370115,0,98.59613598893066
0.8165994394715771,0.19462251182076507,0.5444823328002629,0.7511771369540428,2,46.93897908865076
0.4391349085702184,0.3677593508772896,0.9627683502532061,0.753868082709913,0,101.45862545976887
0.3769444294249076,0.41412975252892703,0.07560504061675077,0.5778911126940883,1,66.2525720202343
0.46267978566960644,0.8275378955668743,0.3656807482613713,0.9043597749938572,0,123.35278667083779
0.3013778741641421,0.733614380561402,0.22538126800676583,0.8174078473061094,0,103.71346064086785
0.7476093801762511,0.7693048936413398,0.19583308413427003,0.7570481146986254,0,113.42630237737433
0.5027203900924792,0.011031264428647214,0.14080294889267608,0.05560552168046062,2,28.568088804960546
0.2322126951468173,0.4161539981797615,0.6224136415659967,0.006877962219649314,0,78.10297933277425
0.8995745732745685,0.4813441516353236,0.7813218557473051,0.21244727719547296,1,93.21973871587133
0.3838912213732114,0.019192276823056686,0.5782983994203607,0.6635235939134523,0,90.44344392543563
0.5435528611139886,0.2598132087450342,0.14696270958820967,0.4111974888825458,0,89.04340538171641
0.9064721109645469,0.760289823122135,0.8111237699334709,0.40240625929931173,0,123.18925447103521
0.6242379959139921,0.13710970572899905,0.6359547071637285,0.8845868882296137,1,60.646923466147754
0.11689804070836407,0.5353101314525917,0.3881657061269955,0.8955628481318387,0,94.74687099116099
0.9398321236134751,0.2152018720172375,0.674130295536063,0.9091752640535857,1,73.59064512132097
0.6277080530714179,0.012120774643893273,0.25990497924283285,0.3138780765150273,1,55.52793928099354
0.3349056146570861,0.24120145759954148,0.3451922084942105,0.6910558127392618,0,95.29911303333776
0.13927207266338726,0.9758737549100538,0.9174858431319902,0.27163318127436964,1,100.24674751470577
0.794025189270296,0.8015371118829896,0.2905045056714204,0.19060983307444979,2,43.361888817479695
0.6200727559285135,0.9595766443210334,0.4699882681579366,0.18463245734736922,0,120.23585343073235
0.5334610919763215,0.48785404392636245,0.8901411373960146,0.34210762086359403,0,103.55019432687443
0.8938925830509576,0.1097361986775035,0.7077213502675275,0.4299576197798217,1,66.92305463452314
0.7885972112245307,0.547959488973693,0.06220322616470275,0.8309491710550684,1,88.4800650875494
0.15167487973275118,0.4543773345599609,0.14730304427897034,0.1198910934727121,0,71.95293310678022
0.31172206779554823,0.844357082739616,0.007841590771916818,0.7349258473948942,2,45.77669524644339
0.24848913981446574,0.09808258078424459,0.6309217902291634,0.5314549141893053,1,60.551413556547274
0.743946292572677,0.4882411370217782,0.4476734254104183,0.2879453426759925,1,77.4221108840049
0.03353243473577938,0.15004866469398426,0.13427485090227553,0.4928195845328246,2,15.578970831872143
0.5698896848713165,0.32467592689006,0.9579341210567704,0.29994206977702265,2,46.30858184434819
0.7624586857406905,0.7373570773877997,0.5296597239456199,0.596081955238306,0,113.53744309280273
0.8767656367617495,0.47601812936876653,0.24189329411288918,0.4338439228552442,2,64.44929708136866
0.34208174871590746,0.37588828514576933,0.5006035711547075,0.16440552907887873,0,97.9008269449937
0.8212573046720129,0.3944762785700353,0.6796203327351078,0.11658307455569672,2,38.08846521179467
0.11063173695520723,0.45944676840598664,0.07623921797356448,0.5466956820721302,1,66.1592924635538
0.8464522917345182,0.7850165438370569,0.274703815047892,0.9024130332861034,0,135.29834718559775
0.12748866233198242,0.8920846889402344,0.8069654908839936,0.34395768655768555,0,124.66070228486134
0.39728729056036727,0.9553346865039283,0.45966487040266124,0.7330001072226232,0,121.8591019160988
0.7972953657795536,0.7869033862552951,0.5465771420322949,0.658661354939767,2,62.339174236203014
0.14991742734877378,0.31540689574801273,0.43281600220946925,0.931554914309481,1,71.38547624114325
0.22925139523264149,0.6881347060865421,0.04389994264300512,0.8209810172991409,0,84.79821557413328
0.7222525683930663,0.4376031240553919,0.16574977982015593,0.566605258905463,0,94.72309853789888
0.7200365365460744,0.2546706220460512,0.4455416387418909,0.6570304982341073,0,101.09988030585136
0.6411476328852973,0.8408715794259226,0.20918546540792782,0.8983864665840349,0,107.98927267140733
0.6939484444671,0.038426348962324997,0.04997902865967874,0.3995187845869348,1,45.886272644391084
0.5427244433475962,0.9017619921354235,0.8436496640518237,0.32679470585777737,2,77.15088651036731
0.25179905890695276,0.46147746462473416,0.9811925291641158,0.010811083635196339,1,94.41727381495538
0.34569599350391944,0.6372014768082804,0.7931428739967394,0.8265510741914642,0,122.41965040409288
0.18159771680142567,0.6593539222057827,0.853784921704667,0.8009807004033649,1,93.97945568090202
0.9084505613336283,0.8951177407065364,0.24197713031704537,0.10445451810015138,0,128.73416861151006
0.5833917947661205,0.6366696821672073,0.9606269755131998,0.5768573811327002,2,74.32684942308207
0.4008514167636399,0.6139335847600618,0.19692570445342839,0.4639816981668874,2,49.66021925814304
0.4620058036441327,0.06665204056068996,0.9514298103618323,0.11870909550911146,2,45.72812129006581
0.9472833396118153,0.5184080219452041,0.994819293965951,0.9805682270607236,0,115.17325829554866
0.1533514031160802,0.15016900081704165,0.7117228057460487,0.21469588746335544,1,58.98357011014773
0.5862298320167972,0.7374337687214856,0.9811437317918219,0.06723418009056115,2,66.56998008366696
0.505888678884466,0.5122219208126745,0.5695397795671037,0.5948473795019096,0,103.79383489684776
0.6114542354346478,0.6802277792083533,0.25954178317609033,0.7388666771330327,0,103.5185185187578
0.01811018382084051,0.041672900602384266,0.43699588566562086,0.03244344604718696,1,46.4794521602472
0.8721239089441515,0.08479201604580322,0.593560935378786,0.6587176387270222,2,39.83451290812654
0.9321182824836124,0.7163233880626823,0.07308156202701499,0.5322918759514544,0,108.06248470315016
0.5651331835892089,0.07208433599867337,0.6223432646172461,0.10326500887504841,1,56.77808519219761
0.6966508238768923,0.0712567277652586,0.9811778367622945,0.17252387694636206,2,53.73805570432532
0.9224993811772957,0.01210847523488745,0.19010764978372763,0.5679742973160805,1,67.52398138145779
0.7072386343133986,0.9565013982994801,0.7925951162883833,0.2963576135132884,1,103.68437002431409
0.15253904291426135,0.737508359459007,0.9078987937796194,0.9383157286513161,0,107.88334187773187
0.5762883601668132,0.35325140850206416,0.9437015928202208,0.8187402294840508,0,108.51894746313594
0.6067150463828559,0.2965355812876552,0.9601356044054472,0.983567206513663,0,125.323007984936
0.424130671302386,0.34970322974584955,0.5214596387214719,0.259670838950414,1,57.372747129372414
0.7364442356247228,0.7746535311811819,0.9773079079915037,0.969723632797977,0,139.07796278059664
0.9343670147690148,0.6613706110704144,0.7573102071344389,0.43123386979155787,1,108.66300110680146
0.9255685129067763,0.18519556786746794,0.1616714362369619,0.3475187953137546,1,63.05384079531105
0.4508393714041321,0.17410933533408435,0.47690010646797,0.05034952696935324,0,95.19978485608712
0.11323804584075525,0.09839564971339732,0.718331175372004,0.05276525785960262,2,27.62004795860142
0.9848411989623346,0.6603027197013381,0.24734031581908333,0.6920112559466547,2,62.74693060047421
0.8388980864459341,0.7643726622217359,0.6406151835488874,0.4579289944340279,2,54.53930943810289
0.12466268120326685,0.265046428325004,0.6666004790466192,0.2265216260361057,1,62.23043175538273
0.9208418826173723,0.020944961030912812,0.1626997438085659,0.6139703063252326,1,67.40929701162149
0.8698963620621283,0.08217166747642735,0.5650853124527563,0.2528581182501112,1,62.906915679815995
0.5188380571260721,0.9678600348450305,0.7716269109786077,0.5776317543444226,0,115.05225476924338
0.5912754357449292,0.29544477747742026,0.4988956645359419,0.35920874698269034,1,81.81115360318547
0.39900270387013026,0.7692231478381336,0.012103116776107425,0.823552226611819,0,81.65964255805963
0.05476163882203133,0.6246635688542638,0.009038469079292177,0.8206961607667793,0,88.15995045881549
0.3351972416459009,0.3819396396528959,0.3570293439700122,0.4773503981224013,2,35.373223943008504
0.8028534485980114,0.2056872621955551,0.926194068431782,0.3508191093350156,2,59.31671469128274
0.004632023004602859,0.12138641815940643,0.22867677960360877,0.36255979655909454,2,10.250500875575451
0.3334991716911442,0.6150129680388666,0.6343636888716871,0.8057145256682179,0,108.28266255900806
0.3981686935909433,0.774633780637788,0.22207587069332058,0.328179482797612,0,93.22597582979526
0.5373956029379229,0.6439042535411307,0.3216699896595486,0.20905937370684602,0,99.90998259830866
0.9198556164127605,0.5303021332491583,0.848042089601484,0.08468834187530683,1,101.50631781463932
0.34634599436596125,0.041951223431636264,0.7288614422699469,0.4666931208844084,0,82.82130753524201
0.3469532018962277,0.9684887775943838,0.09539927731321063,0.4821320989198419,2,59.68052212014026
0.7375012481097484,0.7987141916545746,0.4287020209864336,0.8409087104029072,2,61.77751963871671
0.45221794088980716,0.29282203670096474,0.029169763645264468,0.22123869644606398,0,72.16845631325022
0.22460482293998196,0.9799703293588506,0.480890146603009,0.3809912736683999,0,103.6312751391382
0.4524395161326934,0.6018815896363221,0.6624340117010681,0.8084057388936909,2,56.21628913652443
0.14085702037979986,0.5824226582072465,0.11850262359815156,0.8236236107489735,0,101.7147342153149
0.1763869865062233,0.7480731794295321,0.28888493890916567,0.3846110759787682,2,41.29655875498197
0.49836777273947974,0.8117697880901376,0.3978366255021569,0.4591240232866809,1,78.53420285104484
0.4189254495045479,0.6564786073315027,0.9195310246560497,0.3032858908492829,2,65.66684405851629
0.9148459010681,0.12809574636620003,0.993255015422964,0.9325548784193121,1,105.22629029368821
0.3623938991166331,0.3382675059944984,0.044911298995615856,0.11864376574158031,0,63.87506233208396
0.5805883502780435,0.9280836403260497,0.761007923495392,0.93374942300147,0,148.82675636848674
0.6322642879195304,0.22461561184385193,0.37172406640234323,0.6838664518353432,1,76.37746498097101
0.013094456588333636,0.3721670238375133,0.39245818622948003,0.5315721526867312,0,88.78330779329137
0.6635373720167106,0.432076882944196,0.7542649733470227,0.032659060784495875,1,97.27180290348771
0.17803596686975143,0.4394049896944522,0.9184264321454086,0.4755961918220083,0,105.76794558207631
0.9610703174694551,0.6129395824945255,0.9509285945025484,0.4077481050027323,2,75.34038979386615
0.14866272775311296,0.9430758377447076,0.5771225860383208,0.16121881197512256,0,117.51453662481349
0.41462412372702373,0.24069271183250496,0.3571211593005028,0.6564096035006569,2,38.31894910483673
0.08534966807864386,0.12150137630091806,0.7875490858587793,0.9711509073682858,2,43.78788313433088
0.9968742518459474,0.19747048985993731,0.25100138326230026,0.5621888110645251,1,90.44571776347401
0.5021950103312426,0.8869249002092695,0.5640740288335178,0.7147532764439458,0,108.06289375969018
0.5953850173200438,0.645810812655206,0.35857846152487316,0.06845045256601678,1,89.49306810173725
0.06707647738842748,0.28590678923916013,0.6566310737078761,0.41766699581699473,0,78.93893813841296
0.7499604703991778,0.8159469389686173,0.2403989128935069,0.11635848516449587,2,62.49016114807527
0.20990559309558576,0.861369996363436,0.19159294573482577,0.6127958355365104,2,51.98271240589461
0.8980542894407137,0.846514338690278,0.9182390866754371,0.9384821582141546,0,139.4215077222364
0.20513964048200717,0.9189265336395545,0.1018036829495369,0.6617777324716385,0,116.80035466603991
0.19068772066366657,0.2522410201733616,0.5059579077349317,0.07680304831442153,1,43.03298479574668
0.03654966784809488,0.7550419287462783,0.22085278296300892,0.35466620498508283,0,72.03845132570714
0.47206694510999925,0.46053949727414,0.03892996332566745,0.5506633794408515,0,69.53592058853171
0.5648411332626164,0.8419985528900615,0.03601881829142639,0.4032077561332522,0,116.06907268000114
0.06570863942835237,0.7284906771616132,0.17522177210582734,0.8336440104751723,1,65.21738689750677
0.7755276166950106,0.7764474464997246,0.8667703545060003,0.8146710047099892,0,131.12770819320804
0.4532888347480276,0.6561618376810715,0.28247874397702666,0.6118310201032214,2,50.46585238901064
0.52439026932758,0.17742876946970687,0.9504591705752957,0.37345794513270525,1,66.70887031504884
0.44076274693822814,0.5450269188969383,0.5816222929891935,0.25533637376324414,1,87.72454113699767
0.400763060875326,0.9846697395245082,0.4366141897687661,0.10587431821312931,2,59.92607870257288
0.5596403313082179,0.9373880664971189,0.5800888346694546,0.35489768348655404,2,67.05813535700207
0.1552402459307125,0.04317373579701167,0.5166983852262678,0.4131725172077195,2,23.178562763806905
0.18192813049527112,0.16481481572943713,0.7587762537573252,0.6758229251040736,0,91.19191171860503
0.8617856210135173,0.1317287734545619,0.28249606597285226,0.6581598242975735,2,33.7644766956763
0.9461154621336327,0.7259799099852955,0.3530503916003024,0.07010813964125695,0,123.9139329651723
0.37330931627975295,0.8177853298569451,0.8940943025332507,0.3952593154311578,1,110.24370708538046
0.27074467314355377,0.2135113663106719,0.9464565131504055,0.18177886721736192,1,53.148490094303455
0.6439995432390158,0.505852692951829,0.8925582274864745,0.1568127053168057,2,61.7563754094195
0.4087341710980964,0.8407030280112,0.4194479939573136,0.8273021497372459,0,109.50290550633635
0.02538635566034486,0.7328015447662506,0.7803655030068817,0.04191521671625753,2,53.09242049496197
0.15615259736619036,0.5422372054918483,0.4763357333010988,0.41918287590212133,2,27.926017440434318
0.7159722288473975,0.5903476904587729,0.4975398521461022,0.1682036557665182,0,123.01529034079583
0.6589239419101514,0.50836054691628,0.20468010905728395,0.879330215678474,2,36.91009640759547
0.02709599250348349,0.2975484513188206,0.5911303032585165,0.5570405132750351,1,57.66501962801267
0.22197216193294944,0.5650219928590161,0.18613589775334793,0.23138063637684803,2,39.63952965113816
0.2310747965880714,0.6888853020500907,0.33156469906719377,0.5024272871663764,0,89.27985436330516
0.6718927435987284,0.8733229158608077,0.8550302016199351,0.7314863597031158,0,121.07115108725364
0.019710537754364155,0.6362913539792481,0.20707580921085522,0.9581180089194338,1,71.98802293151752
0.10410858198457384,0.761121537043158,0.07115828517343281,0.22044600424541894,0,87.97334388709717
0.7999160853731894,0.160071634954573,0.0690075926128163,0.8861817721293451,0,90.70169922707987
0.1785446620543336,0.4615574744197899,0.9407845205031079,0.9343041141674903,1,90.56425550481491
0.6527461078518747,0.009331619827093296,0.5069204379618346,0.9164205445320662,2,35.31353529891712
0.23818278104672652,0.24667886452162302,0.40941207181701833,0.6354143568619098,1,64.75094951517622
0.09944139275934516,0.7264617151130048,0.8108785810079184,0.6298206544347077,2,49.49146046904784
0.24317219099945409,0.9918099513493635,0.835825927910516,0.4032106331838228,1,89.22289381571262
0.7222669318556592,0.0991780995872159,0.3321910331156046,0.7523978823037879,2,36.9553451396082
0.8556964681062857,0.40149431586128825,0.6936180574737952,0.5312940183509319,1,85.92831613868901
0.8302198645669916,0.8000709686991595,0.7711228158518866,0.6774380712282945,2,74.618233702669
0.3971835296184548,0.20403563462889884,0.6546506868659545,0.42845790384879545,1,79.10779822753825
0.6680851365706462,0.5550849493022862,0.15159507480009937,0.7314964640431391,2,50.051783665288674
0.20498429541582097,0.7330712960296748,0.875883083517057,0.8244715176045491,1,84.60569082724959
0.29314773026101326,0.615985450260179,0.5390945527360087,0.14643625660281612,0,95.9608912794658
0.8963358185211198,0.18802473461541613,0.2824724263700037,0.832929715574228,2,49.43208901467667
0.013001923510736035,0.3553845686857394,0.4252281854376939,0.5402965317903072,1,46.6441571834679
0.08550853085446808,0.7837917844853972,0.03757109039890738,0.8446659090902243,2,40.130945484691885
0.20788625514602732,0.5542265141320166,0.12786680122241756,0.4313017063410146,2,31.889158066534012
0.026532203873819715,0.005229613542912737,0.7655467505158609,0.37904048538303503,1,48.38504778499393
0.18143543508979731,0.7609907600280938,1.1634755366141114e-05,0.9150607325172224,2,52.28881720447707
0.5830415609696922,0.03531135494023907,0.4165658284822922,0.2511692675484013,1,61.11342898345901
0.42142455059249795,0.7457337827312321,0.5225101810855884,0.8442123252861431,0,123.64378817545074
0.8926717110769748,0.2024805601652374,0.054634420000972295,0.4840205725094041,2,40.695664305144085
0.8174435617384409,0.9580734801193802,0.9730781629723328,0.5140954425512597,0,155.20963654568834
0.34181735169787597,0.3679407513020845,0.22612533124967193,0.308468281489484,2,27.971589905591408
0.2594234334312925,0.3269316163380791,0.30419871963628087,0.5730422006190157,2,24.978740243726467
0.3796924081672669,0.14888805033244468,0.30394251225502733,0.3252111962762113,2,32.15028321394819
0.5902949425148077,0.3056042154902149,0.2304166621173499,0.03926941424165231,1,78.57486365446653
0.26806364082287626,0.8766507618282006,0.001473822086311416,0.27199860534435605,0,82.06936914713184
0.624148907849134,0.9963343376272473,0.7293447940879964,0.006379043406590679,2,71.2586205742466
0.4094116521912404,0.36830953050684834,0.9668454997992854,0.9783547870568566,1,80.0273692017067
0.5520471808519802,0.44861063095454257,0.22429348328504506,0.9657472098197475,2,50.07769255756028
0.4361265291353167,0.722070938202737,0.6630471918034224,0.39515529747230504,1,89.27930944795452
0.29446575954191767,0.8861957804650745,0.7418963269587151,0.728370854339646,2,79.85725156370847
0.9484533069621567,0.5930443341867842,0.8484253790905247,0.345806098410425,0,121.51789321350297
0.7636057941597608,0.39152569817782934,0.4226291970136091,0.671093157085976,0,117.48055825274025
0.14011317576645255,0.41262184084862374,0.30293090564042924,0.8054300430459791,2,31.67018409002005
0.8684679758979128,0.6956181464968069,0.3252951340230311,0.9467562446922407,1,109.11704901524485
0.48743119824951364,0.0032182636042786816,0.7126213330985128,0.400212275849672,2,35.29284619349072
0.8945522268940914,0.6195893374598407,0.816779466505636,0.7832979829560477,1,123.08756345172401
0.7998552559473152,0.3554930104413574,0.18161396775660266,0.2659284506321188,2,29.736793329382706
0.42521350446923345,0.7941973312770843,0.3709410081577652,0.9903323037936483,1,80.2078644086539
0.022469308320117398,0.09299063982313216,0.90194019674915,0.025769598764351143,0,91.0064276117392
0.2686773593849461,0.5882022669483905,0.8066935196947392,0.603528806501121,2,46.42491898352646
0.5416342146608669,0.48097288988612374,0.9848584027624758,0.6595059816513271,0,105.08213632627513
0.6334782198261473,0.6423255259052274,0.7542482596820808,0.6880455570741288,0,107.90555254037787
0.2578876854332023,0.06485359448296835,0.39319520102792227,0.12038757878908901,2,30.883013716101374
0.13935607407282413,0.5799837874281313,0.5906378339946378,0.9385297834731304,2,36.043512101682786
0.8349302367992991,0.5614845879595237,0.6610142542473203,0.1811832790500828,1,92.76391262058377
0.9844021807035521,0.5606600944161709,0.07845581631712395,0.6227534032398411,1,87.09890133868892
0.5256901823026858,0.6034876665964548,0.5444969591038651,0.22267607912308496,0,113.39206794129127
0.1716792858483035,0.6764679372263622,0.7093208284726096,0.3072164170212709,1,73.83085018085204
0.27230732651936895,0.8049889996807698,0.16732130400106038,0.5464585417281244,1,83.33251707124704
0.018390676547466733,0.26982072012821434,0.7806317174255571,0.4171934185645765,2,19.416955901936785
0.914298806560499,0.8250494101800621,0.5837727805141116,0.1602256009765063,1,126.44806261083674
0.11775108289014113,0.4982556822634536,0.9522217856975946,0.1709364024208483,0,91.82063626886566
0.5765164755142536,0.07705827913433116,0.042422298206891695,0.41814478816279965,1,55.495354125420356
0.274055220687206,0.0585509292439792,0.26532613755546697,0.7572829782755007,0,89.99058991274512
0.5541780025157934,0.3342383186960608,0.6015538792998241,0.8979646468477885,2,45.1388691347385
0.6514203883518642,0.7848969771114676,0.2965599122059307,0.08412766225938284,0,124.38478903111323
0.8297418037072016,0.7076809347409158,0.7144241640712422,0.39310390755940106,1,97.30430211649193
0.2064212717606032,0.7886149646724064,0.759005282521931,0.10024556372287663,2,60.63677986559433
0.010995828658480478,0.5172690564416094,0.10251596406647445,0.016592480632597884,1,47.51006480348127
0.13688563006880727,0.44019899795549056,0.5138544642067677,0.6617186826439566,2,25.048440479411415
0.9000186418481051,0.14745252670628395,0.5088905555910559,0.6024494419665878,2,53.246909360587665
0.8738900775625152,0.32819275360931155,0.36928077021554107,0.1630191138148862,1,84.75925302354293
0.5974131021703083,0.43401936617387527,0.9329248625696721,0.2338128330930641,1,73.12093587112595
0.6005168604336534,0.08860042967961723,0.8275063198732212,0.02370775364451838,2,35.27614374501678
0.6650366745462555,0.22061195271121126,0.6972093819096368,0.8349472056944037,2,63.07682765534196
0.1753712786234496,0.5982252940637388,0.7143266357349976,0.9746905960485515,1,89.22477830440461
0.9144119459249598,0.7356631142391898,0.4617161438131191,0.1354595367946908,0,113.49565117368518
0.4187705248920731,0.9983475113929496,0.9209945210965759,0.23147521376529812,1,97.25640174572013
0.38313852824949746,0.9331133313435577,0.6945954272532854,0.868409523946934,2,90.87713613711004
0.5189177052828375,0.6425651995351915,0.7289810616558164,0.9264637979561848,1,80.64507765454238
0.046965966775055046,0.421248053294072,0.8616909037873453,0.41962738280681033,0,89.0970072947435
0.1662833687560794,0.6361773647082327,0.274071589342191,0.050622472269074126,1,51.7762834236068
0.7380336164263704,0.785651618080232,0.807070903866703,0.0393918336928194,2,83.25055607870546
0.08279866792512647,0.11833619092338732,0.19524060295649204,0.5739498660690104,1,46.79048227242586
0.6031521094663882,0.40990488969628824,0.34534195224488784,0.392895108893179,2,47.108289853367076
0.24534910968132095,0.8398022856356172,0.3356104542698427,0.028652427577654516,2,75.64022117331382
0.38929561404197655,0.383832951933044,0.9785254683891406,0.5832523923125568,1,76.5004930321255
0.28869373677069987,0.5718722712271865,0.8565372237479268,0.011302536589022472,2,66.26523193364255
0.35567271646494913,0.5877693608621982,0.7011698615902597,0.787371958149273,2,52.17075359765244
0.7190459051842455,0.18447625313363936,0.7270567616153901,0.3064328227033716,0,94.22076616436547
0.297121715623175,0.3622354416522884,0.5620727944025711,0.0402580030092321,0,111.42885761913652
0.5664046402968972,0.33451128874193214,0.9470906671085191,0.5883522209831533,0,103.58702253796939
0.47605040219909966,0.026196708532064794,0.49625875288236154,0.3976844144330547,0,65.48768556628089
0.6636711653626481,0.024191763891355245,0.3805177098698945,0.9738004133571495,2,41.04535172876616
0.936829739324758,0.8316970436757735,0.163035336931591,0.5441986625037022,1,98.34809903877247
0.7325720972102503,0.2730708099728124,0.786205652261058,0.2752391810370083,2,55.04745858814986
0.21494037859075676,0.5180787662388154,0.7344439320755914,0.7094388646339748,2,47.618651361849196
0.031183135061284672,0.29872557358877305,0.3843550385241349,0.27149200254271133,2,45.44198395334692
0.2622640442998251,0.9406792451153405,0.02519341395922936,0.9042432914075651,1,90.60875071522797
0.5950779307002548,0.25929675886577375,0.8389973277180107,0.37472197050737643,0,88.00172825781439
0.05142581348425035,0.4296568127389351,0.011417983454073632,0.5498685627762052,2,25.701560231166983
0.49636624720123634,0.8727302504846018,0.703699779629051,0.05057310382422886,2,56.383625824574096
0.5968428489168892,0.8419335667918086,0.970257109726057,0.4261212379522308,0,122.77184428819292
0.3342438908169608,0.18610141784627732,0.43766132814820347,0.832363539660995,2,25.443828292265707
0.7709122037458219,0.8026433097957104,0.23497340499595276,0.8056488053633419,1,119.06023988981578
0.1065982531337718,0.45818688673789265,0.7048710100433817,0.22431855885352625,2,30.95218270114954
0.07513778173580876,0.4829688720853552,0.8171281420155851,0.22607907101056268,2,47.051885405847166
0.7281887562036033,0.13347997241594378,0.5464303160778473,0.8173053122132368,0,93.0517268076689
0.49549131620619846,0.08060151375712465,0.9670352752561462,0.9303984201693255,2,35.149358017559216
0.688402396427736,0.7279393069737652,0.0516687216579611,0.09536092127300355,2,53.73312084666701
0.4348273386037462,0.49646115235529975,0.5047955983045281,0.45005863942622526,1,81.50668298353425
0.2464020332391068,0.43685070261517955,0.7184539473225501,0.33745427896422897,0,98.19597616541881
0.8191023176741997,0.7295082286523967,0.862640471149179,0.8706884554574393,0,103.49090110847041
0.7994158789689793,0.7655128989911097,0.17925561190779005,0.08352491468001877,1,76.67489657697885
0.6946964708544268,0.15890816766935356,0.8000034817636814,0.2111259425580374,2,54.88409708347979
0.2721451372299627,0.6102251494776413,0.5527070757185453,0.7524683375864943,0,91.91611536015246
0.5902306668690871,0.13535408227768553,0.3965536819899632,0.051293848981215584,0,83.59453592989257
0.3609738969400268,0.7513750860290457,0.13171502857909356,0.49253538071428926,2,35.86362777579953
0.09158207332663415,0.6569551562671395,0.8652957589089124,0.44210703467972,2,58.06866499704446
0.9173135754622428,0.956614621083458,0.15727320817971535,0.33440117898874866,0,131.58616402064314
0.1368186309189614,0.06895801635642118,0.30978785920909924,0.3945723153189238,2,24.323458980920577
0.9502373538208024,0.05705472115125432,0.2900455319624369,0.5299405869302329,0,102.21519409276128
0.44600577295795574,0.28218707469320015,0.8714140341908543,0.16136735838838312,2,59.348611893162925
